index,price,hood_district,sqft,beds,bath,laundry,pets,housing_type,parking
1980,6800,7.0,1600.0,2.0,2.0,2,0,0,3
2018,3500,7.0,550.0,1.0,1.0,2,3,0,3
2095,5100,7.0,1300.0,2.0,1.0,2,3,0,0
2015,9000,7.0,3500.0,3.0,2.5,2,0,0,3
2013,3100,7.0,561.0,1.0,1.0,0,3,0,0
1978,3800,9.0,800.0,2.0,1.0,1,1,0,3
2099,3100,8.0,750.0,1.0,1.0,2,0,0,3
2092,3000,7.0,650.0,1.0,1.0,1,3,0,0
2091,3000,7.0,650.0,1.0,1.0,1,3,0,3
2014,3200,9.0,650.0,1.0,1.0,2,1,0,3
1976,3100,7.0,650.0,1.0,1.0,1,3,0,3
2085,15000,1.0,3500.0,4.0,3.5,2,0,3,3
2650,3300,2.0,1525.0,2.0,1.0,1,0,3,0
529,1200,1.0,184.0,1.0,2.5,0,0,0,0
2437,5600,9.0,1307.0,2.0,2.0,2,0,0,3
1685,2345,2.0,500.0,1.0,1.0,0,1,0,0
2519,2700,2.0,850.0,2.0,1.0,0,0,0,3
2338,3700,7.0,800.0,1.0,1.0,1,3,0,3
3064,3595,1.0,1205.0,3.0,2.0,1,0,0,3
1264,4875,9.0,1708.0,2.0,3.0,2,0,0,0
1697,5200,6.0,1417.0,2.0,1.5,2,3,0,3
2900,5200,6.0,1700.0,4.0,2.0,2,3,0,2
2419,1880,9.0,350.0,0.0,1.0,0,0,0,0
355,4350,8.0,950.0,2.0,1.0,2,1,0,3
2171,2500,2.0,700.0,1.0,1.0,1,3,0,2
2021,3184,9.0,704.0,1.0,1.0,2,3,0,3
795,2705,9.0,509.0,0.0,1.0,2,3,0,3
2543,3581,9.0,922.0,2.0,2.0,2,3,0,3
208,2610,9.0,694.0,1.0,1.0,2,3,0,3
2882,4900,9.0,1600.0,3.0,2.5,2,3,0,3
2888,4200,9.0,1500.0,3.0,2.0,2,3,0,0
2891,3600,6.0,1100.0,2.0,1.0,1,3,0,0
2913,4200,9.0,1400.0,3.0,2.0,2,3,0,0
2895,4500,9.0,1400.0,3.0,1.0,2,3,0,0
2893,4200,9.0,1400.0,3.0,2.0,2,3,0,3
2894,4800,6.0,1000.0,2.0,2.0,2,3,0,0
2892,5000,9.0,1400.0,3.0,2.0,2,3,0,3
2886,5000,9.0,1400.0,3.0,3.5,2,3,0,0
2884,2900,6.0,725.0,1.0,1.0,1,3,0,3
2421,1880,9.0,350.0,0.0,1.0,0,0,0,0
3007,3995,9.0,908.0,2.0,1.0,2,3,0,3
1521,2200,5.0,630.0,1.0,1.0,0,3,0,0
1808,2795,5.0,664.0,1.0,1.0,1,1,0,0
2897,3300,5.0,900.0,1.0,1.0,1,0,0,0
2224,2995,5.0,810.0,2.0,1.0,1,1,0,0
335,1995,8.0,388.0,1.0,1.0,1,3,0,0
1785,2750,5.0,600.0,1.0,1.0,1,1,0,3
1448,5050,7.0,1500.0,2.0,2.0,2,1,0,3
633,3800,9.0,950.0,1.0,1.0,2,0,0,3
1863,2600,6.0,725.0,0.0,1.0,1,0,0,0
1254,3498,5.0,995.0,2.0,2.0,1,3,0,1
2406,2600,8.0,558.0,1.0,1.0,2,0,0,0
2803,2950,6.0,606.0,1.0,1.0,2,3,0,0
5,2795,9.0,750.0,1.0,1.0,1,3,0,3
2818,2195,8.0,1000.0,1.0,1.0,1,0,0,3
2202,3815,9.0,683.0,1.0,1.0,2,3,0,3
1559,4050,9.0,830.0,1.0,1.0,2,0,0,3
2879,750,10.0,170.0,1.0,1.0,1,0,0,0
2939,2299,9.0,500.0,1.0,1.0,1,3,0,0
1378,3572,9.0,697.0,1.0,1.0,2,3,0,3
1348,2843,9.0,720.0,1.0,1.0,2,3,0,3
1339,3636,9.0,721.0,1.0,1.0,2,3,0,3
1397,3107,9.0,690.0,1.0,1.0,2,3,0,3
1033,2800,7.0,780.0,1.0,1.0,1,0,0,0
1198,3404,9.0,855.0,1.0,1.0,2,3,0,3
2068,2399,9.0,559.0,1.0,1.0,2,0,0,3
1844,3250,8.0,650.0,1.0,1.0,2,3,0,0
3089,1948,8.0,500.0,0.0,1.0,2,3,0,0
3088,1948,9.0,500.0,0.0,1.0,2,3,0,0
2069,2600,9.0,800.0,1.0,1.0,2,3,0,3
3069,2600,9.0,650.0,1.0,1.0,0,3,0,0
2207,3000,8.0,900.0,1.0,1.0,1,1,0,0
838,3300,9.0,757.0,1.0,1.0,2,0,0,3
2702,2500,4.0,600.0,1.0,1.0,1,0,0,2
670,2700,7.0,625.0,1.0,1.0,0,0,0,3
701,3200,9.0,916.0,1.0,1.0,2,0,0,3
687,3200,9.0,916.0,1.0,1.0,2,2,0,3
671,2404,5.0,615.0,1.0,1.0,1,3,0,1
168,2660,5.0,615.0,1.0,1.0,1,3,0,1
893,2835,8.0,600.0,1.0,1.0,1,0,0,0
213,2586,9.0,662.0,1.0,1.0,2,3,0,0
176,1820,9.0,516.0,0.0,1.0,2,3,0,0
2875,2100,9.0,660.0,0.0,1.0,1,0,0,0
279,3500,9.0,768.0,1.0,1.0,2,2,0,3
87,3884,9.0,943.0,2.0,2.0,2,3,0,0
1883,3750,9.0,1375.0,2.0,2.0,1,0,0,3
1877,3750,9.0,1375.0,2.0,2.0,1,0,0,3
474,4390,9.0,1070.0,2.0,2.0,2,0,0,3
381,4390,9.0,1070.0,2.0,2.0,2,0,0,3
3055,3000,5.0,750.0,1.0,1.0,1,0,0,0
2070,3188,9.0,737.0,1.0,1.0,2,0,0,3
40,4499,2.0,1200.0,2.0,2.0,2,0,3,3
2837,4800,7.0,1105.0,2.0,2.0,2,0,0,3
2084,3395,9.0,1162.0,2.0,2.0,2,3,0,1
80,2700,9.0,650.0,1.0,1.0,2,0,0,3
1707,2339,9.0,512.0,1.0,1.0,2,3,0,3
1919,2200,8.0,500.0,1.0,1.0,1,0,0,0
1917,2200,8.0,500.0,1.0,1.0,1,0,0,3
1555,2095,9.0,600.0,1.0,1.0,1,0,0,2
2826,1850,8.0,425.0,1.0,1.0,0,1,0,0
2825,1850,8.0,425.0,1.0,1.0,0,1,0,0
832,2595,9.0,675.0,1.0,1.0,1,0,0,2
811,2600,9.0,750.0,1.0,1.0,1,0,0,0
812,2450,6.0,650.0,1.0,1.0,1,1,0,3
821,2350,8.0,600.0,1.0,1.0,1,1,0,3
202,2950,9.0,700.0,1.0,1.0,1,3,0,3
1570,3000,7.0,950.0,1.0,1.0,1,0,0,3
819,2589,10.0,1219.0,1.0,1.0,2,3,0,3
2249,2702,9.0,1101.0,1.0,2.0,1,3,0,0
2312,4500,9.0,1200.0,2.0,2.0,2,0,0,3
2647,3200,9.0,800.0,2.0,1.0,2,1,0,0
2937,2300,2.0,700.0,2.0,1.0,1,0,1,0
1195,3490,5.0,500.0,2.0,1.0,2,3,0,0
49,3590,7.0,885.0,2.0,2.0,1,0,0,3
1021,3588,9.0,995.0,2.0,2.0,2,3,0,3
111,3663,9.0,1043.0,2.0,2.0,2,3,0,3
2944,3400,9.0,1100.0,2.0,1.0,1,0,0,3
2418,4578,9.0,986.0,2.0,2.0,2,3,0,3
2292,3312,9.0,922.0,2.0,2.0,2,3,0,3
2593,3400,6.0,750.0,2.0,1.0,1,0,0,0
1892,2650,8.0,700.0,2.0,1.0,1,0,0,0
2795,3800,7.0,1400.0,2.0,2.0,1,2,0,0
2582,2685,10.0,970.0,2.0,2.0,2,0,0,3
2151,4999,7.0,1598.0,2.0,1.0,1,0,0,3
1039,3700,2.0,900.0,2.0,1.0,2,0,3,3
1276,2795,8.0,743.0,2.0,2.0,2,3,0,0
935,3200,8.0,800.0,2.0,1.0,1,0,0,0
933,3000,8.0,800.0,2.0,1.0,1,0,0,0
1202,3250,5.0,900.0,2.0,1.0,0,0,0,3
929,2800,8.0,675.0,2.0,1.0,0,0,0,0
928,2700,8.0,675.0,2.0,1.0,0,0,0,0
2216,3795,9.0,1200.0,2.0,2.0,2,3,0,0
1850,3950,9.0,1450.0,3.0,1.0,2,3,0,0
1846,1691,9.0,232.0,0.0,1.0,1,0,0,3
1849,1660,9.0,232.0,0.0,1.0,1,0,0,3
1830,1690,9.0,233.0,0.0,1.0,1,0,0,3
1728,1679,9.0,241.0,0.0,1.0,1,0,0,3
2371,3000,7.0,810.0,1.0,1.0,2,3,0,3
2432,3999,5.0,1000.0,2.0,1.0,2,0,0,0
3068,3600,5.0,800.0,2.0,2.0,1,3,0,0
2902,3700,9.0,930.0,2.0,2.0,2,2,0,3
772,2500,10.0,900.0,2.0,1.0,1,0,1,0
1470,2765,10.0,902.0,2.0,1.5,0,0,0,0
2851,2850,8.0,900.0,2.0,1.0,0,0,0,0
2139,2999,1.0,775.0,2.0,1.0,1,0,0,3
1316,3900,9.0,950.0,2.0,2.0,1,3,0,3
1315,6995,8.0,1473.0,2.0,2.5,2,0,0,0
3053,3900,9.0,1254.0,2.0,1.5,2,3,0,3
2807,4500,8.0,1450.0,2.0,2.0,2,3,0,3
757,5595,9.0,1150.0,2.0,2.0,2,0,0,3
2521,3000,2.0,860.0,2.0,1.0,0,0,0,0
1515,3895,8.0,1000.0,2.0,1.0,1,0,0,1
2935,3999,9.0,1500.0,2.0,2.0,2,0,0,3
2829,4500,7.0,975.0,2.0,2.0,2,0,0,3
1336,3150,9.0,900.0,2.0,1.0,1,3,0,0
1913,3800,8.0,1200.0,2.0,1.0,1,0,0,3
2822,3100,4.0,750.0,2.0,1.0,1,1,0,3
3061,3795,5.0,1050.0,2.0,1.0,1,0,0,3
816,2800,9.0,875.0,2.0,1.0,1,0,0,3
26,3100,2.0,1000.0,2.0,1.0,0,0,0,2
1766,3300,7.0,1000.0,2.0,1.0,1,0,0,3
2494,2765,10.0,902.0,2.0,1.5,0,0,0,0
181,3250,2.0,1000.0,2.0,1.0,1,0,0,0
2028,3349,1.0,1400.0,3.0,1.0,1,0,0,0
2356,4750,5.0,1421.0,3.0,1.5,0,3,0,0
259,7195,5.0,1651.0,3.0,2.0,2,3,0,3
149,4637,6.0,1108.0,3.0,2.0,0,3,0,3
1151,2999,10.0,2000.0,3.0,2.0,1,0,3,0
2090,3699,8.0,1100.0,3.0,1.0,0,3,0,0
156,4950,8.0,1000.0,3.0,1.5,0,0,0,0
2473,3200,10.0,950.0,3.0,1.5,2,0,3,0
1250,3800,7.0,1500.0,3.0,2.0,1,0,0,0
2710,3900,8.0,1200.0,3.0,1.0,1,0,0,0
1968,5100,4.0,1500.0,3.0,2.5,2,0,3,3
1043,7654,8.0,1525.0,3.0,2.5,2,2,0,3
172,3698,9.0,900.0,3.0,1.0,1,3,0,0
3091,4995,5.0,1500.0,3.0,2.0,2,3,0,1
2708,3595,8.0,1100.0,3.0,1.0,1,0,0,0
2075,2599,9.0,665.0,1.0,1.0,2,0,0,1
1532,2900,1.0,950.0,1.0,1.0,1,0,0,0
1829,4149,2.0,1200.0,3.0,1.5,1,0,0,3
2619,3300,2.0,800.0,3.0,3.0,0,0,0,0
569,2900,3.0,1000.0,3.0,1.0,1,0,3,0
1299,3200,8.0,800.0,3.0,2.0,2,0,0,0
833,3700,6.0,1600.0,3.0,2.0,1,0,0,0
827,4000,5.0,1500.0,3.0,2.0,2,1,0,0
2796,4800,7.0,1500.0,3.0,2.5,1,0,0,0
2022,4695,1.0,1650.0,3.0,3.0,1,0,0,3
9,2995,9.0,732.0,1.0,1.0,2,0,0,3
14,2950,9.0,1162.0,1.0,2.0,2,0,0,3
0,3850,9.0,966.0,2.0,2.0,2,0,0,3
1233,5695,5.0,1429.0,3.0,1.5,2,3,0,3
2878,5000,5.0,1240.0,3.0,2.0,1,0,0,3
1667,9300,7.0,2200.0,4.0,2.5,2,0,0,3
1155,6000,7.0,1500.0,4.0,2.0,1,0,0,0
1983,5600,5.0,1800.0,4.0,1.0,2,0,0,3
644,5500,5.0,1800.0,4.0,2.0,2,0,0,0
1277,3150,8.0,1000.0,1.0,1.0,0,1,0,0
1252,3150,8.0,1000.0,1.0,1.0,0,1,0,0
785,4700,9.0,1750.0,2.0,2.0,2,0,0,3
2353,7999,4.0,2379.0,4.0,4.0,2,3,3,3
2198,4800,9.0,1700.0,4.0,2.5,2,0,0,3
2189,4400,7.0,1400.0,4.0,2.5,2,3,0,1
1417,3600,5.0,1000.0,4.0,2.0,1,0,0,0
2765,3950,9.0,1432.0,3.0,1.0,0,3,0,0
598,5555,5.0,1555.0,5.0,1.5,0,3,0,0
380,7950,6.0,1800.0,5.0,2.0,0,0,0,0
1663,10000,7.0,2000.0,6.0,2.0,2,0,2,1
328,1575,8.0,310.0,0.0,1.0,1,3,0,0
1215,2225,8.0,428.0,1.0,1.0,1,3,0,0
2027,2915,5.0,543.0,1.0,1.0,2,3,0,3
329,2445,8.0,400.0,2.0,1.0,1,3,0,0
1253,2195,8.0,404.0,1.0,1.0,1,3,0,0
2402,3250,8.0,1036.0,2.0,1.0,1,3,0,0
1422,5000,2.0,2100.0,6.0,3.0,0,0,0,0
784,2404,10.0,1032.0,1.0,1.0,2,3,0,3
2098,3995,9.0,1090.0,2.0,2.0,2,0,0,2
800,3807,10.0,1592.0,2.0,2.0,2,3,0,0
2947,3000,9.0,631.0,1.0,1.0,2,0,0,3
167,2917,9.0,721.0,1.0,1.0,2,0,0,3
1761,2574,9.0,736.0,1.0,1.0,2,3,0,3
1783,4242,9.0,981.0,2.0,2.0,2,3,0,3
2320,2288,9.0,433.0,0.0,1.0,2,3,0,3
2564,2500,9.0,800.0,1.0,1.5,2,0,0,0
825,3195,9.0,750.0,1.0,1.0,2,0,0,3
1199,2337,9.0,800.0,1.0,1.0,1,1,0,3
2086,2418,9.0,431.0,0.0,1.0,2,0,0,1
861,3980,9.0,1000.0,4.0,1.5,2,3,0,3
2035,5200,7.0,1800.0,5.0,2.0,2,0,0,0
1213,4595,6.0,1400.0,4.0,1.5,2,0,0,0
2478,2500,2.0,950.0,1.0,1.0,2,0,0,0
557,2292,8.0,515.0,1.0,1.0,2,3,0,0
1383,3363,9.0,1090.0,2.0,2.0,2,3,0,0
515,2643,8.0,769.0,1.0,1.0,2,3,0,3
334,3500,8.0,1250.0,1.0,1.0,2,3,0,3
2453,4495,9.0,1494.0,2.0,2.5,2,3,0,3
518,5650,6.0,936.0,4.0,2.0,0,0,0,0
2711,4595,8.0,1200.0,3.0,1.0,1,0,0,0
593,2800,7.0,800.0,1.0,1.0,1,1,0,0
2899,3600,2.0,1280.0,3.0,2.0,1,0,0,0
1540,3099,9.0,921.0,2.0,2.0,2,3,0,3
2165,3395,5.0,850.0,2.0,1.0,1,0,0,0
112,2695,1.0,780.0,1.0,1.0,1,1,0,0
115,5795,9.0,1620.0,4.0,3.0,2,3,0,3
113,2966,9.0,800.0,2.0,1.0,2,0,0,0
196,1218,9.0,200.0,0.0,1.0,1,0,0,0
1670,5200,7.0,1000.0,3.0,1.0,2,0,2,1
2004,3495,9.0,800.0,2.0,1.0,1,3,0,3
2823,3500,8.0,850.0,2.0,1.0,2,0,0,0
934,3475,9.0,925.0,1.0,1.0,1,3,0,3
1186,4395,6.0,1035.0,2.0,2.0,2,3,0,0
897,3850,9.0,1050.0,2.0,1.5,2,0,0,3
2717,4595,5.0,1500.0,3.0,1.0,2,0,0,3
1450,4750,9.0,1414.0,3.0,2.0,1,0,0,3
1933,19000,9.0,2358.0,3.0,3.5,2,0,0,3
1801,3650,1.0,750.0,3.0,2.0,1,0,0,0
38,2875,2.0,633.0,1.0,1.0,1,3,0,2
804,2427,10.0,1133.0,1.0,1.0,2,3,0,0
1292,2695,8.0,1000.0,2.0,2.0,0,0,0,0
229,2695,5.0,1000.0,2.0,2.0,0,0,0,0
89,3412,8.0,916.0,2.0,2.0,2,3,0,0
2307,2850,8.0,750.0,2.0,1.0,1,0,0,0
1828,3099,6.0,875.0,2.0,2.0,1,0,0,3
1972,4050,9.0,1200.0,3.0,1.5,2,1,0,0
777,2200,7.0,500.0,1.0,1.0,1,3,0,0
1586,2595,1.0,650.0,1.0,1.0,1,1,0,3
1197,3295,8.0,933.0,2.0,1.0,1,3,0,3
2002,3295,8.0,833.0,2.0,1.0,1,3,0,3
2523,3300,8.0,950.0,3.0,1.5,1,0,0,0
1465,3500,9.0,909.0,1.0,1.0,2,0,0,0
1457,3459,9.0,882.0,1.0,1.0,2,0,0,3
2395,4950,6.0,1300.0,3.0,1.0,2,3,0,0
871,2669,8.0,789.0,1.0,1.0,2,3,0,3
1098,2995,7.0,650.0,1.0,1.0,1,0,0,3
57,3525,6.0,805.0,1.0,1.0,2,3,0,3
921,4210,8.0,1374.0,2.0,2.0,2,3,0,3
288,2395,6.0,650.0,1.0,1.0,1,1,0,0
197,2200,8.0,550.0,1.0,1.0,1,0,0,0
576,2595,9.0,690.0,1.0,1.0,2,0,0,3
2211,4400,8.0,1200.0,3.0,1.0,1,1,0,0
2872,1900,1.0,650.0,1.0,1.0,1,0,0,0
2381,3400,6.0,680.0,1.0,1.0,1,3,0,3
2066,2450,8.0,450.0,1.0,1.0,1,3,0,0
1434,2195,1.0,750.0,1.0,1.0,0,0,0,0
767,1800,3.0,450.0,1.0,1.0,0,0,0,1
1977,2990,5.0,587.0,1.0,1.0,2,3,0,3
2813,3980,5.0,800.0,1.0,1.0,1,0,0,1
1379,2950,6.0,1000.0,2.0,1.0,1,0,0,0
274,3799,8.0,1187.0,2.0,2.0,2,3,0,0
3079,4000,10.0,775.0,3.0,1.0,1,0,3,0
494,5290,9.0,1420.0,3.0,2.0,2,3,0,3
2221,4800,9.0,1400.0,3.0,2.0,2,1,0,0
3066,3600,1.0,1000.0,3.0,1.5,1,0,0,0
1018,4295,9.0,830.0,1.0,1.0,2,0,0,0
1686,3000,8.0,675.0,1.0,1.0,1,1,0,1
140,4999,6.0,1400.0,3.0,2.0,0,0,0,0
702,3700,9.0,1300.0,1.0,2.0,2,0,0,3
2192,2800,9.0,970.0,1.0,1.0,2,0,0,3
2528,3100,7.0,500.0,1.0,1.0,1,0,0,0
2791,1600,8.0,400.0,0.0,1.0,1,0,0,0
2790,1600,8.0,400.0,0.0,1.0,1,0,0,0
2469,5500,7.0,1500.0,3.0,2.0,2,0,0,3
560,5500,7.0,1500.0,2.0,2.0,2,0,0,3
700,2246,2.0,476.0,0.0,1.0,2,3,0,2
554,2053,6.0,5100.0,0.0,1.0,2,3,0,3
3024,3150,9.0,800.0,2.0,1.0,1,0,3,0
3052,4900,9.0,1600.0,2.0,2.0,2,3,0,3
664,900,9.0,170.0,1.0,1.0,0,0,0,3
2168,3995,5.0,1800.0,4.0,2.0,1,3,0,0
429,3995,9.0,1800.0,4.0,2.0,1,3,0,0
797,3995,7.0,850.0,1.0,1.0,1,0,0,0
2698,4500,7.0,1700.0,2.0,2.0,2,3,0,0
2313,2800,5.0,780.0,1.0,1.0,1,0,0,3
2311,2800,5.0,790.0,1.0,1.0,1,0,0,0
1045,5300,2.0,1600.0,4.0,2.0,1,0,3,0
1630,3575,8.0,1000.0,2.0,1.0,1,0,0,0
1726,3575,8.0,1000.0,2.0,1.0,1,0,0,0
1940,2195,9.0,450.0,0.0,1.0,0,0,0,0
1375,7746,5.0,2450.0,4.0,3.5,2,3,0,3
1376,7746,5.0,2450.0,4.0,3.5,2,3,0,3
424,2295,8.0,573.0,0.0,1.0,1,2,0,0
869,5400,7.0,1600.0,3.0,2.0,2,0,0,0
546,2680,9.0,591.0,1.0,1.5,2,3,0,3
3029,3466,5.0,551.0,1.0,1.0,2,3,0,0
1088,2595,6.0,627.0,1.0,1.0,2,1,0,0
1454,4200,2.0,1000.0,2.0,2.0,2,0,0,3
1086,1995,6.0,357.0,0.0,1.0,2,1,0,0
2382,3250,6.0,655.0,1.0,1.0,2,3,0,0
2433,2075,6.0,346.0,0.0,1.0,2,1,0,0
1085,2075,6.0,346.0,0.0,1.0,2,1,0,0
2520,2986,9.0,503.0,1.0,1.0,2,3,0,3
627,3190,8.0,840.0,2.0,1.0,1,1,0,0
3073,4950,1.0,2000.0,4.0,2.5,2,0,0,3
601,4495,1.0,1600.0,3.0,2.0,2,0,0,3
385,2998,9.0,585.0,1.0,1.0,2,3,0,3
79,2900,7.0,700.0,1.0,1.0,1,0,0,0
584,1995,6.0,415.0,1.0,1.0,0,1,0,3
2055,4100,5.0,1000.0,2.0,1.0,2,3,0,0
2854,4750,1.0,1500.0,3.0,2.0,1,3,0,2
1047,4536,9.0,914.0,2.0,1.0,2,3,0,3
968,3775,7.0,1000.0,1.0,1.0,1,0,0,3
3075,5695,9.0,1965.0,4.0,2.0,1,1,0,0
2992,4495,9.0,1400.0,4.0,1.0,2,3,0,0
1591,3295,7.0,850.0,1.0,1.0,1,1,0,3
3025,3000,7.0,950.0,1.0,1.0,1,0,0,1
1597,3295,7.0,800.0,1.0,1.0,1,0,0,3
1631,3150,8.0,920.0,1.0,1.0,1,0,0,3
1401,3550,8.0,1200.0,3.0,1.5,2,0,0,0
3032,3450,8.0,950.0,2.0,2.0,1,0,0,3
2525,2850,2.0,800.0,2.0,1.0,0,0,0,3
159,2500,5.0,650.0,1.0,1.0,1,0,0,3
657,3950,8.0,985.0,1.0,1.0,2,0,0,3
1293,4695,10.0,1850.0,4.0,2.5,2,0,3,3
3030,2995,9.0,700.0,1.0,1.0,1,0,0,3
227,7400,7.0,2208.0,5.0,2.0,2,3,0,0
493,2795,8.0,950.0,1.0,1.0,1,3,0,0
1928,7995,7.0,3000.0,2.0,2.0,1,3,0,0
961,2882,8.0,796.0,1.0,1.0,2,3,0,3
106,3800,2.0,1350.0,3.0,2.0,1,0,0,0
1987,2137,8.0,480.0,2.0,1.0,1,3,0,0
2214,2900,7.0,1000.0,2.0,1.0,1,0,0,0
2427,4000,9.0,1700.0,3.0,2.0,2,0,0,3
2580,2350,1.0,525.0,1.0,1.0,1,0,0,3
1284,3500,2.0,1375.0,2.0,2.0,2,0,3,3
2646,1950,8.0,700.0,0.0,1.0,0,0,0,0
1229,2650,8.0,650.0,1.0,1.0,0,1,0,0
965,2450,7.0,700.0,1.0,1.0,1,0,0,0
67,3250,9.0,833.0,2.0,1.0,2,3,0,3
1161,2975,7.0,750.0,2.0,1.0,1,0,0,3
1164,2975,8.0,880.0,2.0,1.0,0,3,0,0
1971,6100,7.0,2000.0,3.0,2.0,1,0,0,0
3060,4800,9.0,2106.0,3.0,2.5,2,3,0,3
2488,3500,8.0,1000.0,2.0,1.0,1,0,0,0
2857,1950,2.0,600.0,1.0,1.0,1,0,1,0
1449,5915,8.0,1783.0,3.0,3.0,2,3,0,0
1944,1699,1.0,525.0,1.0,1.0,0,0,1,0
214,3995,5.0,1000.0,2.0,2.0,2,1,0,3
1439,3943,10.0,1452.0,3.0,2.5,0,0,0,0
562,2905,10.0,981.0,2.0,2.0,2,3,0,3
2509,3899,9.0,1102.0,2.0,2.0,2,3,0,0
2461,3000,1.0,800.0,1.0,1.0,0,1,0,1
2213,2800,7.0,950.0,2.0,1.0,1,0,0,0
1216,2992,9.0,837.0,1.0,1.0,2,3,0,3
2175,4991,9.0,912.0,2.0,2.0,0,0,0,0
2429,2750,9.0,627.0,1.0,1.0,2,1,0,0
1400,2850,7.0,800.0,1.0,1.0,1,0,0,0
1354,2100,7.0,550.0,0.0,1.0,0,0,0,0
1678,3595,7.0,1000.0,2.0,1.0,1,0,0,0
2634,2685,8.0,596.0,1.0,1.0,2,3,0,3
1174,1775,2.0,320.0,0.0,1.0,1,0,0,0
173,1795,8.0,450.0,0.0,1.0,1,3,0,0
823,1800,8.0,500.0,0.0,1.0,1,0,0,0
1525,3500,9.0,700.0,2.0,2.0,1,3,0,0
2587,1700,9.0,307.0,1.0,1.0,1,0,0,0
1787,2395,5.0,700.0,1.0,1.0,0,0,0,0
2652,2565,9.0,303.0,0.0,1.0,1,0,0,0
2838,5100,8.0,1250.0,3.0,1.0,0,0,0,0
93,4995,6.0,1236.0,3.0,2.0,2,2,0,3
1200,3150,9.0,800.0,1.0,1.0,1,0,0,3
3081,3050,9.0,720.0,2.0,1.0,2,1,3,0
1041,3000,4.0,744.0,1.0,1.0,1,3,0,2
182,3995,9.0,933.0,2.0,2.0,2,3,0,0
2423,2700,9.0,900.0,3.0,1.0,0,1,0,0
2942,4500,9.0,1250.0,2.0,2.0,2,0,0,2
574,2815,6.0,621.0,1.0,1.0,2,3,0,3
433,3995,9.0,860.0,2.0,1.0,2,3,0,0
4,2800,6.0,700.0,2.0,1.0,1,0,0,3
414,2790,8.0,548.0,2.0,1.0,1,0,0,0
1779,2594,7.0,850.0,1.0,1.0,1,1,0,3
2007,2050,1.0,500.0,0.0,1.0,0,0,0,0
1103,1600,6.0,289.0,0.0,1.0,0,0,0,0
1272,5000,5.0,1600.0,3.0,2.0,2,0,0,0
705,9100,4.0,3200.0,5.0,3.0,2,0,3,0
2836,9000,8.0,2588.0,2.0,2.5,2,0,0,3
628,3195,5.0,897.0,1.0,1.0,1,1,0,3
513,2950,9.0,550.0,1.0,1.0,2,0,0,3
1131,2800,8.0,600.0,1.0,1.0,2,3,0,3
1796,4495,5.0,1500.0,3.0,2.0,1,3,0,3
1261,3995,5.0,1400.0,3.0,1.5,0,1,0,0
2865,3400,10.0,1700.0,3.0,2.0,1,0,0,3
2862,4995,8.0,1500.0,4.0,2.0,1,0,0,0
1637,2700,1.0,717.0,1.0,1.0,0,0,0,0
941,3250,9.0,901.0,1.0,2.0,2,3,0,3
2467,6800,8.0,1350.0,3.0,1.0,1,1,0,0
139,2500,8.0,350.0,0.0,1.0,0,0,0,0
649,2950,8.0,760.0,1.0,1.0,2,3,0,3
2887,4800,9.0,1050.0,3.0,3.0,2,3,0,0
2417,3300,9.0,724.0,1.0,1.0,2,3,0,3
2898,2900,5.0,650.0,1.0,1.0,1,3,0,0
2326,3500,9.0,780.0,1.0,1.0,2,3,0,3
2386,3300,6.0,955.0,1.0,1.0,1,3,0,3
2317,4500,8.0,1300.0,2.0,2.0,1,3,0,3
165,4305,8.0,1365.0,3.0,2.5,2,3,0,0
1477,4495,7.0,1300.0,2.0,2.0,1,1,0,3
84,3549,9.0,790.0,1.0,1.0,2,3,0,0
1416,4300,10.0,1600.0,3.0,2.0,1,3,0,3
1865,2099,1.0,525.0,0.0,1.0,1,3,0,0
1772,1600,8.0,410.0,0.0,1.0,1,0,0,0
1918,4675,7.0,1110.0,2.0,1.0,2,0,0,3
2817,2517,9.0,370.0,0.0,1.0,1,3,0,0
1679,2900,9.0,558.0,1.0,1.0,2,0,0,0
3031,2995,9.0,609.0,1.0,1.0,1,0,0,3
519,6999,7.0,1925.0,5.0,2.0,2,1,0,0
1848,3090,9.0,4500.0,0.0,1.0,1,0,0,1
1426,4900,9.0,1303.0,3.0,1.0,2,3,0,0
1793,2880,1.0,750.0,2.0,1.0,2,2,0,0
583,2995,9.0,670.0,1.0,1.0,2,1,0,0
2672,3590,9.0,6360.0,1.0,1.0,1,3,0,1
1010,4500,8.0,1450.0,2.0,2.0,1,3,0,3
1011,4500,8.0,1450.0,2.0,2.0,1,3,0,3
2764,4890,6.0,9800.0,2.0,2.0,2,3,0,1
2757,3990,9.0,500.0,1.0,1.0,2,3,0,3
2377,2300,10.0,600.0,1.0,1.0,1,0,0,0
2670,3290,8.0,5200.0,0.0,1.0,1,0,0,1
2746,3690,9.0,5880.0,1.0,1.0,2,3,0,0
2678,5590,9.0,9330.0,2.0,2.0,2,3,0,1
2739,2890,9.0,4250.0,0.0,1.0,2,0,0,0
2783,7500,9.0,2500.0,6.0,2.5,2,0,0,0
2667,3190,8.0,7500.0,1.0,1.0,2,3,0,1
1049,4990,7.0,9250.0,2.0,2.0,1,3,0,1
646,2590,5.0,6000.0,1.0,1.0,2,0,0,1
2664,2690,8.0,4970.0,0.0,1.0,1,0,0,1
2660,3290,9.0,4900.0,0.0,1.0,2,3,0,1
2674,4290,9.0,9330.0,2.0,2.0,2,3,0,1
2683,2890,9.0,4860.0,0.0,1.0,2,3,0,1
2762,3290,9.0,486.0,0.0,1.0,2,3,0,3
73,3190,8.0,6500.0,1.0,1.0,2,0,0,1
2753,3090,9.0,470.0,0.0,1.0,2,3,0,3
2689,3090,9.0,4700.0,0.0,1.0,2,3,0,1
2754,5290,9.0,1442.0,2.0,2.0,2,3,0,3
2527,5690,9.0,10430.0,2.0,2.0,2,3,0,1
2518,3995,8.0,1072.0,2.0,2.0,1,0,0,3
2679,2490,9.0,4600.0,0.0,1.0,2,3,0,1
2744,2790,9.0,4600.0,0.0,1.0,1,3,0,1
2752,2990,9.0,640.0,1.0,1.0,2,3,0,3
2676,3690,6.0,4500.0,0.0,1.0,2,3,0,1
2756,2790,9.0,588.0,1.0,1.0,2,3,0,3
2751,4590,8.0,1050.0,2.0,1.0,2,3,0,3
2749,4790,9.0,1043.0,2.0,2.0,2,3,0,3
2096,2890,8.0,4800.0,0.0,1.0,1,0,0,1
2684,2490,8.0,4800.0,0.0,1.0,1,0,0,1
2750,5790,9.0,1376.0,2.0,2.0,2,3,0,3
2763,3990,9.0,845.0,1.0,1.0,2,3,0,3
2682,3490,9.0,4500.0,0.0,1.0,1,0,0,0
2669,3290,6.0,5500.0,0.0,1.0,2,3,0,1
761,2390,6.0,4600.0,0.0,1.0,2,3,0,0
2673,1990,8.0,4160.0,0.0,1.0,1,3,0,0
2755,2890,9.0,486.0,0.0,1.0,2,3,0,3
141,3990,9.0,7200.0,1.0,1.0,2,3,0,1
2685,5690,9.0,11020.0,2.0,2.0,2,3,0,1
2668,2690,6.0,4600.0,0.0,1.0,2,3,0,0
2681,3690,9.0,11000.0,2.0,2.0,1,0,0,1
2758,2490,9.0,460.0,0.0,1.0,1,3,0,3
2686,4790,7.0,9450.0,2.0,1.0,2,0,0,1
2761,3690,9.0,1044.0,2.0,2.0,2,3,0,3
2760,3990,9.0,736.0,1.0,1.0,2,3,0,3
1052,2450,9.0,530.0,1.0,1.0,2,0,0,3
1028,1300,10.0,250.0,0.0,1.0,0,0,0,0
1054,5200,8.0,1440.0,3.0,2.0,0,0,0,3
1056,1400,10.0,350.0,0.0,1.0,2,0,0,1
1029,1400,10.0,300.0,0.0,1.0,2,0,0,1
1055,1400,10.0,320.0,0.0,1.0,1,0,0,0
2718,4595,8.0,1100.0,3.0,1.0,1,0,0,0
3063,3250,7.0,950.0,2.0,1.0,0,0,0,0
2496,1995,2.0,550.0,1.0,1.0,1,1,0,3
550,3840,5.0,799.0,2.0,2.0,1,3,0,3
2911,3250,9.0,800.0,2.0,1.0,0,0,0,0
1325,7000,5.0,2012.0,3.0,2.0,2,0,3,3
2808,4800,8.0,1450.0,2.0,2.0,2,3,0,3
2768,5400,5.0,1250.0,3.0,1.5,1,1,0,0
1407,4500,9.0,1500.0,3.0,2.0,2,3,0,3
1798,4750,6.0,1561.0,3.0,1.0,2,0,0,3
1326,3995,5.0,850.0,1.0,1.0,2,0,0,0
1688,3650,9.0,838.0,1.0,1.5,2,0,0,3
428,2100,5.0,400.0,1.0,1.0,1,1,0,0
2193,4500,7.0,1023.0,1.0,1.0,2,3,0,0
1027,4750,7.0,1038.0,1.0,1.0,2,1,0,0
27,4295,6.0,940.0,2.0,2.0,2,3,0,0
74,2617,9.0,650.0,1.0,1.0,2,3,0,0
619,2600,8.0,800.0,1.0,1.0,2,1,0,0
622,2950,6.0,600.0,1.0,1.0,1,3,0,0
618,2800,8.0,700.0,1.0,1.0,2,1,0,0
2455,2795,7.0,450.0,1.0,1.0,1,0,0,0
2928,1995,9.0,450.0,0.0,1.0,1,0,0,0
2927,3495,9.0,1700.0,3.0,1.0,0,0,0,0
1183,2950,5.0,1000.0,2.0,1.0,2,0,0,0
345,3895,5.0,850.0,3.0,1.0,2,3,0,0
2568,1995,9.0,400.0,0.0,1.0,0,0,0,0
2463,2550,1.0,750.0,1.0,1.0,0,0,0,1
2396,2299,6.0,550.0,0.0,1.0,1,3,0,0
2490,2495,2.0,900.0,1.0,1.0,1,1,0,0
1347,3700,7.0,1050.0,2.0,1.0,1,3,0,3
1762,4399,9.0,1349.0,1.0,1.0,2,0,0,0
2890,4500,9.0,1500.0,4.0,2.0,1,3,0,0
597,3975,8.0,925.0,1.0,1.0,2,2,0,3
505,1290,1.0,240.0,1.0,1.0,0,0,0,0
460,5000,6.0,1250.0,2.0,2.0,2,3,0,3
1320,2040,5.0,840.0,2.0,1.5,2,3,0,0
153,6950,5.0,1700.0,5.0,2.0,2,0,0,1
1956,1780,8.0,300.0,1.0,1.0,1,1,0,0
1588,4550,7.0,1000.0,2.0,2.0,1,3,0,0
1087,4750,6.0,1235.0,2.0,2.5,2,1,0,3
1206,2595,8.0,1000.0,2.0,1.0,0,0,0,0
2435,3950,10.0,1600.0,3.0,1.5,1,0,3,3
1945,2900,9.0,980.0,2.0,1.0,0,3,0,0
2643,3450,9.0,950.0,2.0,2.0,2,1,0,0
1736,2250,6.0,550.0,0.0,1.0,1,1,0,0
2288,5000,9.0,1770.0,2.0,2.5,2,3,0,3
114,2349,8.0,620.0,1.0,1.0,2,1,0,0
102,2066,8.0,549.0,0.0,1.0,2,3,0,0
1419,3200,9.0,1200.0,2.0,2.0,2,3,0,3
2557,3898,7.0,1098.0,1.0,1.0,1,0,0,3
839,4200,7.0,1400.0,3.0,1.0,2,0,0,0
1464,6500,9.0,1321.0,2.0,2.0,2,2,0,3
2082,4648,9.0,1313.0,2.0,2.0,2,0,0,3
1461,4400,9.0,1167.0,2.0,1.0,0,0,0,0
510,7200,9.0,1274.0,2.0,2.0,2,0,0,3
1463,3500,9.0,814.0,1.0,1.0,2,0,0,3
1929,1800,8.0,500.0,0.0,1.0,0,0,0,0
20,4195,5.0,1200.0,2.0,1.5,2,3,0,0
940,2800,8.0,601.0,1.0,1.0,2,3,0,3
1891,4000,9.0,900.0,2.0,1.0,1,3,0,0
101,3135,6.0,621.0,1.0,1.0,2,3,0,0
703,2511,9.0,647.0,1.0,1.0,2,3,0,3
1687,3500,8.0,781.0,1.0,1.0,2,0,0,3
2334,4595,9.0,1182.0,2.0,2.0,2,3,0,3
1345,3900,9.0,1163.0,2.0,2.0,2,3,0,3
2885,2800,1.0,650.0,2.0,1.0,0,0,1,0
413,2895,5.0,491.0,1.0,1.0,2,3,0,0
2067,3588,9.0,854.0,1.0,1.0,2,0,0,3
636,3271,9.0,860.0,1.0,2.0,2,3,0,3
2938,1995,9.0,300.0,1.0,1.0,1,3,0,0
2309,2746,9.0,516.0,1.0,1.0,2,3,0,3
2187,2500,5.0,500.0,1.0,1.0,2,0,0,0
1957,2400,7.0,440.0,1.0,1.0,1,1,0,0
419,1300,2.0,150.0,0.0,1.0,1,0,1,0
695,4700,9.0,1750.0,2.0,2.0,2,0,0,3
294,2996,8.0,895.0,2.0,2.0,1,3,0,2
1576,3800,9.0,873.0,1.0,1.0,2,2,0,3
2078,3725,9.0,855.0,1.0,1.0,0,0,0,0
2072,3378,9.0,920.0,1.0,1.0,2,0,0,3
2081,5200,9.0,1191.0,2.0,2.0,2,0,0,3
2569,3395,9.0,1100.0,2.0,2.0,2,3,0,3
2588,2600,5.0,850.0,1.0,1.0,2,0,0,0
2316,2650,4.0,700.0,1.0,1.0,1,0,0,0
78,3200,7.0,1000.0,1.0,1.0,1,0,0,0
1585,2945,7.0,975.0,1.0,1.0,1,0,0,3
1975,4075,5.0,1010.0,2.0,2.0,2,3,0,0
88,4500,9.0,1140.0,2.0,2.0,2,0,0,3
2210,3700,8.0,1100.0,2.0,1.0,1,1,0,0
157,2900,6.0,850.0,2.0,1.0,0,0,0,3
2502,2995,9.0,936.0,2.0,1.0,1,0,0,0
1436,4500,5.0,1100.0,3.0,1.5,2,0,0,0
155,3900,6.0,1200.0,3.0,2.0,1,0,0,0
1404,5250,8.0,1600.0,3.0,2.0,2,0,0,3
1017,1700,10.0,950.0,1.0,1.0,2,0,0,0
2991,2650,9.0,1050.0,1.0,1.0,0,0,0,0
1168,2000,7.0,700.0,0.0,1.0,1,0,0,3
2932,4495,7.0,1005.0,2.0,1.0,1,3,0,1
2445,2745,9.0,950.0,1.0,2.0,2,3,0,3
969,5500,9.0,1200.0,1.0,2.0,2,3,0,3
1386,2995,8.0,1200.0,2.0,1.0,0,0,0,0
964,3775,7.0,1000.0,1.0,1.0,1,0,0,0
2451,3100,7.0,950.0,1.0,1.0,1,0,0,0
1460,1995,9.0,400.0,0.0,1.0,1,0,0,2
1191,3875,9.0,1200.0,3.0,1.0,2,0,0,0
1394,3195,8.0,1200.0,2.0,1.0,0,0,0,0
2925,5566,5.0,1022.0,2.0,2.0,2,3,0,0
2517,4500,7.0,1000.0,1.0,1.5,1,2,0,3
1399,2695,1.0,900.0,1.0,1.0,1,0,0,3
2642,1875,8.0,450.0,0.0,1.0,1,0,0,0
1733,1800,8.0,440.0,0.0,1.0,1,0,0,0
1009,2050,5.0,700.0,1.0,1.0,1,0,0,0
1403,3000,8.0,725.0,1.0,1.5,1,0,0,3
3090,3395,7.0,800.0,1.0,1.0,1,0,0,0
2442,2400,5.0,500.0,0.0,1.0,1,0,0,3
2387,1799,8.0,550.0,0.0,1.0,1,0,0,3
1810,2600,1.0,700.0,1.0,1.0,1,0,0,0
920,3625,8.0,782.0,1.0,1.0,1,2,0,3
2491,7900,5.0,1400.0,4.0,4.0,2,0,0,0
1964,3295,7.0,1000.0,2.0,2.0,1,0,0,0
2770,1750,8.0,450.0,0.0,1.0,1,0,0,0
1594,7800,7.0,3000.0,2.0,2.0,2,3,0,0
1022,8750,8.0,2490.0,2.0,3.0,2,3,0,3
1023,8750,8.0,2490.0,2.0,3.0,2,3,0,3
1349,3100,9.0,770.0,1.0,1.0,2,0,0,0
1225,6800,5.0,2250.0,4.0,2.0,2,3,3,3
480,3500,6.0,1047.0,2.0,2.0,2,3,0,3
775,4150,9.0,844.0,2.0,2.0,2,0,0,3
1599,1900,3.0,350.0,1.0,1.0,1,0,1,0
2271,2595,10.0,1100.0,2.0,1.0,1,0,0,0
1589,3869,9.0,1286.0,2.0,2.0,2,3,0,0
2191,7200,9.0,2100.0,1.0,2.0,0,3,0,0
1542,2906,9.0,748.0,1.0,1.0,2,3,0,0
1421,3480,9.0,1410.0,2.0,2.0,2,0,0,3
2489,2995,8.0,650.0,1.0,1.0,1,1,0,0
1203,12500,9.0,2250.0,2.0,2.5,2,3,0,3
207,3895,1.0,950.0,2.0,1.0,1,3,0,0
944,2095,8.0,550.0,2.0,1.0,0,3,0,0
2010,4100,9.0,1240.0,2.0,1.0,1,0,3,1
1668,2600,7.0,500.0,1.0,1.0,1,0,0,0
596,4500,7.0,1140.0,4.0,2.0,2,3,0,0
2793,1600,8.0,425.0,0.0,1.0,1,0,0,0
2172,2395,8.0,562.0,0.0,1.0,1,0,0,0
2810,5500,9.0,1180.0,2.0,2.0,2,0,0,3
2812,5000,9.0,1180.0,2.0,2.0,2,3,0,3
2815,4500,9.0,1107.0,2.0,2.0,1,0,0,3
699,3300,9.0,916.0,1.0,1.0,2,0,0,3
1104,4250,9.0,1163.0,2.0,2.0,2,0,0,3
1059,5450,9.0,1240.0,2.0,2.0,2,0,0,3
2080,7800,9.0,1572.0,2.0,2.0,2,0,0,3
1082,5000,9.0,1340.0,2.0,2.0,2,0,0,3
1392,4500,7.0,969.0,2.0,2.0,2,0,0,0
662,2850,9.0,760.0,1.0,1.0,2,3,0,3
2834,4500,7.0,916.0,2.0,2.0,2,0,0,3
2237,2700,9.0,700.0,1.0,1.0,2,0,0,3
2814,5500,9.0,1403.0,2.0,2.0,2,0,0,3
1190,2400,9.0,665.0,1.0,1.0,2,0,0,0
191,1980,10.0,572.0,1.0,1.0,2,3,0,3
158,2075,10.0,675.0,1.0,1.0,2,3,0,3
2816,4000,9.0,1265.0,2.0,2.0,2,0,0,3
1101,4150,9.0,1098.0,1.0,1.5,2,3,0,3
2083,4375,9.0,1479.0,2.0,2.0,2,0,0,3
2079,5100,9.0,1356.0,2.0,2.0,2,0,0,3
2230,2500,8.0,1000.0,1.0,1.0,1,1,0,0
2530,3995,8.0,1900.0,3.0,2.0,2,3,3,0
1035,6000,7.0,2300.0,3.0,2.0,1,0,0,3
2921,5495,7.0,1250.0,2.0,1.0,1,0,0,1
12,2400,5.0,1050.0,1.0,1.0,2,0,0,0
2830,4700,1.0,1850.0,4.0,2.5,1,0,0,3
1590,2900,9.0,538.0,1.0,1.0,2,3,0,3
1650,4275,9.0,1517.0,2.0,2.0,2,3,0,3
884,4500,9.0,1600.0,2.0,2.0,2,3,0,3
774,3600,9.0,630.0,2.0,1.0,2,0,0,3
1037,3000,9.0,980.0,2.0,1.0,1,3,0,0
2956,3095,9.0,750.0,1.0,1.0,1,0,0,3
835,3650,9.0,1014.0,2.0,1.0,2,1,0,0
2633,3975,9.0,1100.0,2.0,2.5,2,0,0,0
2824,4500,1.0,1850.0,4.0,2.5,1,0,0,3
92,2300,2.0,600.0,1.0,1.0,1,3,0,3
94,1965,8.0,595.0,1.0,1.0,2,3,0,0
353,3655,9.0,1000.0,2.0,2.0,2,3,0,3
423,3200,6.0,650.0,1.0,1.0,2,3,0,0
2336,5500,6.0,1327.0,3.0,2.0,2,3,0,3
2458,5995,5.0,1400.0,2.0,2.0,2,1,0,3
531,3260,9.0,1400.0,2.0,1.5,2,0,0,3
1031,4500,3.0,1536.0,3.0,2.0,0,3,3,3
2539,2750,10.0,970.0,2.0,1.0,2,1,0,3
1063,4000,9.0,1800.0,2.0,2.5,2,1,0,3
1640,3750,9.0,1350.0,2.0,1.0,2,0,2,3
1636,2800,1.0,717.0,1.0,1.0,0,0,0,0
1677,1950,2.0,375.0,0.0,1.0,0,0,0,3
1951,1495,8.0,450.0,0.0,1.0,1,0,0,0
2314,3495,7.0,650.0,1.0,1.0,1,3,0,3
2315,4500,5.0,1125.0,2.0,1.0,2,3,3,3
3051,2395,5.0,700.0,1.0,1.0,1,0,0,3
3026,3550,9.0,920.0,2.0,2.0,2,3,0,3
1781,3395,8.0,900.0,1.0,1.0,2,2,0,3
2351,2725,6.0,501.0,1.0,1.0,2,3,0,3
1635,4300,8.0,1000.0,3.0,1.0,2,0,0,0
1674,4500,7.0,900.0,3.0,1.0,2,0,2,1
1797,3650,1.0,750.0,3.0,2.0,1,0,0,0
2186,3400,10.0,1391.0,3.0,2.5,2,0,0,3
2578,1749,8.0,260.0,0.0,1.0,1,0,0,0
2200,2995,1.0,700.0,2.0,1.0,1,0,0,3
1032,3000,7.0,840.0,1.0,1.0,1,0,0,0
919,2500,1.0,650.0,1.0,1.0,1,0,0,3
544,5875,6.0,1350.0,4.0,2.0,1,0,0,3
290,5295,9.0,745.0,2.0,2.0,2,0,0,0
219,4995,9.0,782.0,2.0,2.0,2,0,0,0
2456,2499,2.0,650.0,2.0,1.0,1,0,1,0
2401,4150,7.0,1100.0,1.0,1.5,0,3,0,0
1906,2395,8.0,506.0,1.0,1.0,1,0,0,0
950,2650,1.0,825.0,2.0,1.0,1,0,0,0
2648,3450,8.0,1000.0,3.0,1.0,1,1,0,1
1227,2100,8.0,429.0,0.0,1.0,1,0,0,0
1038,2195,5.0,413.0,0.0,1.0,1,0,0,0
2476,1950,8.0,460.0,0.0,1.0,1,1,0,0
425,3900,8.0,681.0,2.0,2.0,2,0,0,0
2025,1895,8.0,464.0,0.0,1.0,1,0,0,0
2174,1895,8.0,430.0,0.0,1.0,1,0,0,0
2173,2200,8.0,429.0,0.0,1.0,1,0,0,0
1144,4400,5.0,1450.0,3.0,2.0,2,0,0,0
868,3700,7.0,1000.0,2.0,1.0,2,0,0,0
1142,2995,5.0,765.0,1.0,1.0,0,1,0,3
2712,3900,8.0,1200.0,3.0,1.0,1,0,0,0
403,4195,8.0,900.0,2.0,2.0,0,0,0,0
1280,3100,8.0,650.0,1.0,1.0,1,0,0,3
215,4275,5.0,1000.0,2.0,1.0,2,3,0,3
216,4275,5.0,1000.0,2.0,1.0,2,3,0,3
2042,2700,8.0,660.0,1.0,1.0,2,0,0,0
2441,2950,9.0,850.0,2.0,1.0,1,3,0,3
1044,3500,8.0,650.0,1.0,1.0,1,0,0,3
1462,3500,9.0,837.0,1.0,1.0,2,0,0,3
1466,5600,9.0,1238.0,2.0,2.0,2,0,0,3
2074,3950,9.0,605.0,1.0,1.0,2,0,0,3
2511,2600,2.0,580.0,1.0,1.0,0,1,0,0
1025,3450,1.0,900.0,1.0,1.0,1,3,0,3
1175,2750,2.0,550.0,1.0,1.0,1,0,0,0
133,2280,8.0,524.0,1.0,1.0,2,3,0,0
1904,2100,2.0,600.0,1.0,1.0,1,0,0,0
2412,2570,5.0,615.0,1.0,1.0,1,3,0,1
2330,2695,7.0,725.0,1.0,1.0,0,0,0,0
2940,2500,2.0,550.0,1.0,1.0,1,2,0,0
1942,2895,1.0,800.0,1.0,1.0,1,3,0,0
1592,2800,9.0,600.0,1.0,1.0,2,0,0,0
1907,3066,9.0,530.0,1.0,1.0,0,0,0,0
32,3995,7.0,800.0,1.0,1.0,1,3,0,3
870,3500,7.0,800.0,1.0,1.0,1,0,0,1
578,4125,9.0,1095.0,2.0,2.0,2,0,0,3
1107,3300,9.0,605.0,1.0,1.0,2,3,0,3
1106,3500,5.0,690.0,1.0,1.0,2,0,0,3
1123,3300,9.0,970.0,1.0,1.0,2,0,0,3
942,2675,9.0,700.0,1.0,1.0,0,3,0,0
926,3475,9.0,750.0,1.0,1.0,0,3,0,0
1406,2800,8.0,800.0,1.0,1.0,2,0,0,3
427,5595,5.0,1800.0,4.0,2.0,1,3,0,0
2545,2050,9.0,350.0,0.0,1.0,0,0,0,3
2560,1995,9.0,350.0,0.0,1.0,0,0,0,3
137,7900,8.0,1500.0,2.0,2.0,2,0,0,3
2215,3395,7.0,900.0,1.0,1.0,2,0,0,3
1595,5000,7.0,1300.0,2.0,2.0,1,3,0,3
97,3395,8.0,900.0,1.0,1.0,2,0,0,3
1925,2550,9.0,610.0,1.0,1.0,2,0,0,3
537,2095,9.0,800.0,1.0,1.0,0,3,0,0
1709,3995,7.0,950.0,2.0,2.0,1,0,0,3
1705,3995,7.0,950.0,2.0,1.0,1,0,0,3
1185,1180,3.0,150.0,1.0,1.0,1,0,3,0
77,3495,7.0,900.0,1.0,1.0,1,0,0,1
1337,3951,9.0,761.0,2.0,1.0,2,3,0,3
1546,4202,9.0,850.0,2.0,2.0,2,3,0,3
1128,2040,5.0,840.0,2.0,1.5,2,3,0,0
959,2750,9.0,725.0,1.0,1.0,1,3,0,0
2840,3750,9.0,901.0,2.0,2.0,2,0,0,3
1480,3495,8.0,622.0,1.0,1.0,2,0,0,3
2076,2075,7.0,500.0,0.0,1.0,1,3,0,0
1799,3450,1.0,1100.0,2.0,1.0,1,0,0,0
1478,2995,8.0,621.0,1.0,1.0,1,0,0,3
1954,1500,2.0,550.0,1.0,1.0,2,0,1,0
3092,1795,3.0,300.0,1.0,1.0,1,3,1,0
209,3200,2.0,500.0,1.0,1.0,1,3,0,3
17,2390,1.0,800.0,1.0,1.0,0,0,0,0
654,3370,8.0,800.0,1.0,1.0,1,0,0,3
2880,1895,10.0,500.0,1.0,1.0,2,0,0,0
2589,1675,2.0,350.0,0.0,1.0,1,0,0,0
669,4990,9.0,1655.0,3.0,2.0,2,0,3,3
2492,4250,5.0,600.0,2.0,2.0,2,0,0,0
2199,2733,9.0,763.0,1.0,1.0,2,3,0,3
69,3044,9.0,751.0,1.0,1.0,2,3,0,0
2217,2795,8.0,650.0,2.0,1.0,2,0,0,0
2869,1895,8.0,500.0,1.0,1.0,0,3,0,0
1427,3395,8.0,1000.0,2.0,1.0,2,0,0,0
298,2190,5.0,600.0,1.0,1.0,1,0,0,0
2373,3500,3.0,1400.0,3.0,2.0,2,1,0,3
2551,3200,9.0,1215.0,2.0,2.0,0,3,0,2
2498,3995,3.0,1650.0,3.0,2.0,1,3,0,3
1485,4300,9.0,1300.0,3.0,2.0,2,3,0,0
437,3595,5.0,916.0,2.0,1.0,0,1,0,0
2399,2550,8.0,660.0,1.0,1.0,2,0,0,0
1890,2800,9.0,655.0,1.0,1.0,2,0,0,0
297,2850,4.0,800.0,1.0,1.0,2,1,1,0
1270,10500,8.0,2179.0,3.0,3.0,2,0,0,3
2152,7995,4.0,3200.0,4.0,3.0,2,3,3,3
830,3104,8.0,650.0,1.0,1.0,1,1,0,1
276,2595,8.0,740.0,1.0,1.0,1,0,0,0
2853,4100,5.0,1050.0,2.0,1.0,1,3,0,3
962,5200,5.0,1450.0,3.0,2.0,1,3,0,3
2819,6500,7.0,1450.0,4.0,2.0,1,0,0,3
1825,3700,2.0,1100.0,2.0,1.0,0,0,3,3
1405,2995,7.0,700.0,1.0,1.0,1,0,0,3
581,1850,8.0,500.0,1.0,1.0,1,3,0,3
270,3195,2.0,900.0,2.0,1.0,1,3,0,0
1959,2195,8.0,500.0,2.0,1.0,1,0,0,0
2654,1595,8.0,400.0,0.0,1.0,1,0,0,0
2439,4500,6.0,1246.0,2.0,2.0,2,0,0,3
1786,5995,5.0,1800.0,3.0,2.0,2,3,0,0
260,3750,1.0,1500.0,3.0,2.0,2,0,0,0
308,5195,5.0,1622.0,4.0,1.5,2,3,0,0
296,6250,7.0,1860.0,3.0,2.0,2,3,0,3
1201,2100,6.0,388.0,0.0,1.0,0,1,0,0
2408,2199,8.0,750.0,1.0,1.0,2,0,0,3
2392,1899,8.0,550.0,0.0,1.0,1,0,0,3
2375,4000,5.0,1000.0,2.0,1.0,2,3,0,0
1792,2199,2.0,575.0,1.0,1.0,1,3,0,0
575,2750,5.0,700.0,1.0,1.0,0,3,0,1
47,2600,5.0,860.0,2.0,1.0,1,2,0,1
481,6050,1.0,2300.0,4.0,3.0,2,3,3,3
1632,2700,1.0,717.0,1.0,1.0,0,0,0,0
1517,2698,1.0,800.0,1.0,1.0,1,0,0,3
1520,2395,1.0,500.0,0.0,1.0,1,0,0,3
886,3995,7.0,900.0,2.0,2.0,2,3,0,3
889,3495,7.0,700.0,1.0,1.0,2,3,0,3
612,3500,9.0,1011.0,2.0,2.0,2,3,0,3
337,3595,8.0,830.0,2.0,1.0,1,0,0,2
2045,3000,8.0,830.0,4.0,1.0,2,3,0,0
2788,1600,8.0,400.0,0.0,1.0,1,0,0,0
2548,5750,4.0,1960.0,4.0,2.0,1,0,3,3
1581,3895,9.0,1133.0,3.0,2.0,2,3,0,3
438,4200,8.0,1200.0,1.0,1.0,2,3,0,3
331,1675,8.0,224.0,0.0,1.0,1,3,0,0
135,3100,9.0,1072.0,2.0,2.0,2,0,0,2
2618,2760,9.0,449.0,0.0,1.0,0,3,0,0
1053,3600,9.0,1255.0,1.0,1.5,2,0,0,3
2843,3400,9.0,1124.0,1.0,1.5,2,0,0,3
2246,5500,2.0,2900.0,4.0,2.0,0,1,3,3
2883,2900,5.0,600.0,1.0,1.0,1,3,0,0
136,1674,9.0,656.0,1.0,1.0,1,3,0,0
1283,4350,5.0,1310.0,2.0,1.0,1,0,0,0
831,1850,7.0,375.0,0.0,1.0,1,0,0,0
828,2000,6.0,525.0,0.0,1.0,1,0,0,3
1395,5700,9.0,1500.0,3.0,2.0,2,3,0,3
652,4250,8.0,769.0,1.0,1.0,2,3,0,3
2622,5500,5.0,1760.0,3.0,1.0,2,3,0,0
453,2445,7.0,600.0,1.0,1.0,0,0,0,0
1226,2600,7.0,850.0,1.0,1.0,0,0,0,0
1979,6895,7.0,1530.0,2.0,2.0,2,2,0,3
814,2200,8.0,450.0,1.0,1.0,1,0,0,1
2466,2326,7.0,625.0,1.0,1.0,1,3,0,3
1279,1800,8.0,440.0,0.0,1.0,0,0,0,0
35,1800,8.0,440.0,0.0,1.0,1,0,0,0
1099,4500,9.0,1500.0,2.0,1.0,2,3,3,1
2318,4250,2.0,1600.0,3.0,1.0,2,0,3,3
952,1890,7.0,550.0,1.0,1.0,0,0,0,0
28,4066,9.0,768.0,1.0,1.0,2,3,0,3
194,2956,2.0,644.0,1.0,1.0,2,3,0,2
1834,2999,2.0,750.0,2.0,1.0,1,0,0,0
1061,4400,1.0,1900.0,2.0,2.0,2,0,3,3
2577,3700,8.0,1100.0,3.0,1.0,0,0,0,0
263,4495,1.0,1200.0,2.0,2.0,2,3,0,0
643,3650,7.0,1000.0,2.0,2.0,1,0,0,3
86,4750,6.0,1050.0,3.0,2.0,2,3,0,2
2236,3950,7.0,1230.0,3.0,2.0,0,0,0,0
1108,2450,8.0,523.0,1.0,1.0,2,0,0,3
2556,2695,9.0,800.0,1.0,1.0,1,0,0,1
582,4068,9.0,1113.0,2.0,2.0,2,3,0,0
645,3400,2.0,945.0,2.0,2.0,1,0,0,3
642,3500,2.0,974.0,2.0,2.0,1,0,0,3
2789,2000,8.0,400.0,0.0,1.0,1,0,0,0
2573,2750,9.0,1016.0,1.0,1.5,2,3,0,3
2182,2899,5.0,575.0,0.0,1.0,2,3,0,3
1734,1595,8.0,420.0,0.0,1.0,0,0,0,0
292,4500,6.0,1500.0,2.0,1.0,1,3,0,3
1286,3500,9.0,1200.0,2.0,1.0,1,0,0,3
2020,1795,1.0,500.0,2.0,1.0,0,0,0,0
1901,4000,9.0,1050.0,2.0,2.0,2,0,0,0
1124,3200,9.0,920.0,1.0,1.5,2,0,0,3
2398,1929,8.0,750.0,1.0,1.0,1,0,0,3
1014,6500,8.0,1805.0,2.0,2.5,2,3,0,3
1013,6500,8.0,1805.0,2.0,2.5,2,3,0,3
2920,5900,5.0,1450.0,3.0,2.0,2,0,0,1
2638,4600,9.0,1250.0,3.0,2.0,2,3,0,0
1334,3000,6.0,845.0,1.0,1.0,1,0,0,3
2452,6995,5.0,2500.0,2.0,2.0,2,0,0,3
629,2860,3.0,1093.0,2.0,2.0,0,3,0,0
340,4750,9.0,979.0,3.0,2.0,2,3,0,3
882,3020,9.0,702.0,1.0,1.0,2,3,0,3
75,6500,5.0,1800.0,5.0,1.5,2,0,0,0
15,5595,5.0,1700.0,3.0,2.0,2,2,0,3
1533,9800,9.0,1670.0,2.0,2.5,2,0,0,3
824,1600,8.0,350.0,0.0,1.0,0,0,0,0
1319,2483,9.0,433.0,0.0,1.0,2,3,0,3
1852,1795,8.0,450.0,0.0,1.0,1,3,0,0
2874,1395,8.0,335.0,0.0,1.0,0,3,0,0
1468,2195,2.0,590.0,0.0,1.0,0,3,0,0
2833,1650,2.0,300.0,0.0,1.0,1,0,1,0
1036,2500,5.0,600.0,0.0,1.0,0,0,0,0
2531,1600,10.0,300.0,0.0,1.0,0,0,3,0
818,1695,8.0,500.0,0.0,1.0,1,0,0,0
834,1995,9.0,456.0,0.0,1.0,1,0,0,2
2835,4800,7.0,955.0,2.0,2.0,2,0,0,3
1476,3900,8.0,1532.0,2.0,2.0,2,0,0,3
2873,4500,7.0,1444.0,3.0,2.0,2,0,0,0
1307,5995,1.0,1700.0,3.0,2.0,2,3,0,0
2628,5850,8.0,1300.0,1.0,1.0,2,0,0,3
1218,1600,8.0,400.0,0.0,1.0,1,0,0,0
1160,4488,8.0,977.0,2.0,2.0,2,3,0,3
659,6990,9.0,1700.0,4.0,2.0,2,0,0,0
224,3700,6.0,1017.0,2.0,2.0,2,3,0,3
2585,2300,10.0,750.0,2.0,2.0,2,0,0,0
1097,3000,9.0,965.0,1.0,1.5,2,0,0,3
892,3107,9.0,956.0,1.0,1.0,2,3,0,3
1194,3728,9.0,1015.0,2.0,2.0,2,3,0,0
399,5950,9.0,2100.0,3.0,2.0,2,0,0,0
2889,4200,5.0,1150.0,3.0,2.0,1,3,0,0
60,4075,5.0,950.0,2.0,1.0,2,0,0,0
1163,3195,9.0,750.0,1.0,1.0,1,0,0,0
2346,1625,10.0,500.0,0.0,1.0,1,1,0,0
190,1795,8.0,450.0,0.0,1.0,1,3,0,0
1060,4595,9.0,900.0,2.0,2.0,1,3,0,3
330,3595,5.0,1075.0,2.0,1.0,1,1,0,0
1122,2950,9.0,850.0,1.0,2.0,2,0,0,3
2415,2799,8.0,1000.0,2.0,2.0,1,0,0,3
1081,2800,9.0,950.0,1.0,1.0,2,0,0,3
2626,4145,8.0,996.0,2.0,2.0,2,3,0,3
613,4495,2.0,1400.0,3.0,2.0,1,3,0,1
809,4595,9.0,1220.0,2.0,2.0,2,0,0,3
1074,2995,9.0,784.0,1.0,1.0,2,0,0,3
1230,2300,5.0,600.0,1.0,1.0,0,1,0,3
1214,2395,5.0,600.0,1.0,1.0,0,1,0,3
1093,3250,7.0,900.0,1.0,1.0,1,0,0,3
347,2495,8.0,483.0,2.0,1.0,1,2,0,0
2374,3995,8.0,1100.0,1.0,1.0,1,3,0,3
2380,2495,3.0,573.0,1.0,1.0,0,1,0,0
2009,3395,9.0,1231.0,2.0,2.0,2,2,0,3
16,2750,9.0,1000.0,2.0,2.0,2,2,0,3
782,2786,9.0,425.0,1.0,1.0,0,0,0,0
966,2750,7.0,700.0,0.0,1.0,1,0,0,3
1651,3416,9.0,885.0,2.0,2.0,2,3,0,3
30,4600,6.0,1750.0,3.0,2.5,0,0,0,3
1604,3550,9.0,900.0,1.0,1.0,2,3,0,0
3087,2850,5.0,690.0,1.0,1.0,1,1,0,0
2978,3850,9.0,1500.0,3.0,1.5,2,3,0,0
205,3695,8.0,911.0,2.0,2.0,2,3,0,3
1682,3575,8.0,1000.0,2.0,1.0,1,0,0,0
1884,2595,2.0,1000.0,1.0,1.0,0,0,0,3
2703,6300,6.0,1886.0,5.0,2.0,2,3,0,0
1385,2950,3.0,980.0,2.0,2.0,2,3,0,0
590,2895,7.0,800.0,1.0,1.0,0,1,0,0
2497,3995,3.0,1000.0,3.0,1.0,0,3,0,0
1941,4876,9.0,1285.0,2.0,2.0,2,3,0,3
1483,3200,8.0,770.0,1.0,1.0,2,0,0,3
1931,3450,7.0,1100.0,2.0,1.0,1,0,0,0
2332,12000,9.0,3300.0,4.0,4.0,2,3,0,3
946,3896,9.0,728.0,2.0,1.0,0,0,0,0
2232,5600,8.0,1800.0,2.0,2.0,2,1,0,3
1889,4195,7.0,1120.0,2.0,2.0,2,3,0,3
1096,3700,9.0,1201.0,2.0,2.0,2,0,0,3
2918,2295,6.0,600.0,1.0,1.0,1,0,0,0
2811,3400,8.0,668.0,1.0,1.0,2,3,0,0
2145,4350,8.0,950.0,2.0,1.0,2,0,0,3
2809,6500,8.0,1583.0,3.0,2.5,2,3,0,3
1318,1700,8.0,425.0,0.0,1.0,0,0,0,0
71,3799,9.0,861.0,1.0,1.0,2,3,0,3
1511,3198,7.0,925.0,2.0,2.0,1,3,0,3
82,2906,9.0,748.0,1.0,1.0,2,3,0,0
1020,2801,9.0,627.0,1.0,1.0,2,3,0,0
1205,1500,8.0,390.0,0.0,1.0,1,3,0,0
1915,2800,9.0,653.0,1.0,1.0,2,0,0,3
521,2335,9.0,700.0,1.0,1.0,2,3,0,3
50,3395,8.0,684.0,1.0,1.0,2,0,0,3
51,2595,9.0,900.0,2.0,1.0,1,0,0,0
52,3995,9.0,1190.0,2.0,2.0,2,0,0,3
951,4495,9.0,1200.0,2.0,2.0,2,0,0,3
949,2950,9.0,800.0,2.0,2.0,0,1,0,2
2821,7200,7.0,2300.0,5.0,2.5,2,0,0,0
1878,5150,8.0,1500.0,2.0,2.0,1,0,0,3
2089,3200,1.0,1200.0,2.0,1.0,1,0,0,3
2087,2995,7.0,1100.0,2.0,1.0,0,0,0,0
183,5995,9.0,1590.0,4.0,2.0,1,3,0,0
2923,1250,2.0,200.0,1.0,1.0,1,0,0,0
704,2420,3.0,729.0,1.0,1.0,0,1,2,0
1926,22500,9.0,4509.0,3.0,4.0,2,0,0,3
3065,3250,8.0,1000.0,2.0,1.0,1,0,0,0
1402,3734,9.0,1064.0,2.0,2.0,2,3,0,3
81,2770,9.0,690.0,1.0,1.0,2,3,0,3
2194,2095,9.0,750.0,0.0,1.0,2,0,0,0
1256,4900,7.0,1700.0,5.0,2.0,2,0,0,0
275,2795,7.0,650.0,1.0,1.0,1,0,0,3
1281,2550,7.0,750.0,1.0,1.0,1,0,0,3
595,3490,8.0,750.0,2.0,1.0,2,3,0,3
48,2549,8.0,875.0,1.0,1.0,2,3,0,0
1727,2495,8.0,595.0,1.0,1.0,2,3,0,0
840,2490,3.0,691.0,1.0,1.0,0,1,2,0
282,2499,6.0,679.0,1.0,1.0,1,3,0,0
1730,6495,7.0,1645.0,3.0,2.5,2,3,0,0
2524,4500,9.0,1350.0,2.0,2.0,2,0,0,3
2331,3000,6.0,765.0,1.0,1.0,0,0,0,0
1943,4265,9.0,1365.0,3.0,2.5,2,3,0,0
1278,2195,9.0,500.0,1.0,1.0,0,0,0,0
2912,3000,5.0,650.0,1.0,1.0,1,3,0,0
2503,3549,9.0,790.0,1.0,1.0,2,3,0,0
3008,3595,9.0,869.0,1.0,1.0,2,3,0,3
2005,5250,6.0,1800.0,4.0,1.0,2,3,0,0
679,2100,5.0,500.0,0.0,1.0,1,3,0,0
1139,1699,6.0,550.0,1.0,1.0,0,3,0,0
680,4700,9.0,1750.0,2.0,2.0,2,0,0,3
681,4700,9.0,1750.0,2.0,2.0,2,0,0,3
2699,2000,4.0,500.0,0.0,1.0,1,0,0,1
2701,2700,1.0,600.0,1.0,1.0,1,1,0,3
1192,4099,5.0,1300.0,3.0,1.0,0,3,0,0
378,3595,9.0,1200.0,2.0,1.0,1,1,0,0
2785,4695,7.0,1700.0,3.0,2.0,2,0,0,0
1675,1950,3.0,450.0,1.0,1.0,0,0,1,1
1341,3600,8.0,1100.0,3.0,1.0,2,0,0,0
225,3625,8.0,1032.0,2.0,2.0,2,0,0,3
