price,hood_district,sqft,beds,bath,laundry,pets,housing_type,parking
6800,7.0,1600.0,2.0,2.0,2,0,0,3
3500,7.0,550.0,1.0,1.0,2,3,0,3
5100,7.0,1300.0,2.0,1.0,2,3,0,0
9000,7.0,3500.0,3.0,2.5,2,0,0,3
3100,7.0,561.0,1.0,1.0,0,3,0,0
3800,9.0,800.0,2.0,1.0,1,1,0,3
3100,8.0,750.0,1.0,1.0,2,0,0,3
3000,7.0,650.0,1.0,1.0,1,3,0,0
3000,7.0,650.0,1.0,1.0,1,3,0,3
3200,9.0,650.0,1.0,1.0,2,1,0,3
3100,7.0,650.0,1.0,1.0,1,3,0,3
15000,1.0,3500.0,4.0,3.5,2,0,3,3
3300,2.0,1525.0,2.0,1.0,1,0,3,0
1200,1.0,184.0,1.0,2.5,0,0,0,0
5600,9.0,1307.0,2.0,2.0,2,0,0,3
2345,2.0,500.0,1.0,1.0,0,1,0,0
2700,2.0,850.0,2.0,1.0,0,0,0,3
3700,7.0,800.0,1.0,1.0,1,3,0,3
3595,1.0,1205.0,3.0,2.0,1,0,0,3
4875,9.0,1708.0,2.0,3.0,2,0,0,0
5200,6.0,1417.0,2.0,1.5,2,3,0,3
5200,6.0,1700.0,4.0,2.0,2,3,0,2
1880,9.0,350.0,0.0,1.0,0,0,0,0
4350,8.0,950.0,2.0,1.0,2,1,0,3
2500,2.0,700.0,1.0,1.0,1,3,0,2
3184,9.0,704.0,1.0,1.0,2,3,0,3
2705,9.0,509.0,0.0,1.0,2,3,0,3
3581,9.0,922.0,2.0,2.0,2,3,0,3
2610,9.0,694.0,1.0,1.0,2,3,0,3
4900,9.0,1600.0,3.0,2.5,2,3,0,3
4200,9.0,1500.0,3.0,2.0,2,3,0,0
3600,6.0,1100.0,2.0,1.0,1,3,0,0
4200,9.0,1400.0,3.0,2.0,2,3,0,0
4500,9.0,1400.0,3.0,1.0,2,3,0,0
4200,9.0,1400.0,3.0,2.0,2,3,0,3
4800,6.0,1000.0,2.0,2.0,2,3,0,0
5000,9.0,1400.0,3.0,2.0,2,3,0,3
5000,9.0,1400.0,3.0,3.5,2,3,0,0
2900,6.0,725.0,1.0,1.0,1,3,0,3
1880,9.0,350.0,0.0,1.0,0,0,0,0
3995,9.0,908.0,2.0,1.0,2,3,0,3
2200,5.0,630.0,1.0,1.0,0,3,0,0
2795,5.0,664.0,1.0,1.0,1,1,0,0
3300,5.0,900.0,1.0,1.0,1,0,0,0
2995,5.0,810.0,2.0,1.0,1,1,0,0
1995,8.0,388.0,1.0,1.0,1,3,0,0
2750,5.0,600.0,1.0,1.0,1,1,0,3
5050,7.0,1500.0,2.0,2.0,2,1,0,3
3800,9.0,950.0,1.0,1.0,2,0,0,3
2600,6.0,725.0,0.0,1.0,1,0,0,0
3498,5.0,995.0,2.0,2.0,1,3,0,1
2600,8.0,558.0,1.0,1.0,2,0,0,0
2950,6.0,606.0,1.0,1.0,2,3,0,0
2795,9.0,750.0,1.0,1.0,1,3,0,3
2195,8.0,1000.0,1.0,1.0,1,0,0,3
3815,9.0,683.0,1.0,1.0,2,3,0,3
4050,9.0,830.0,1.0,1.0,2,0,0,3
750,10.0,170.0,1.0,1.0,1,0,0,0
2299,9.0,500.0,1.0,1.0,1,3,0,0
3572,9.0,697.0,1.0,1.0,2,3,0,3
2843,9.0,720.0,1.0,1.0,2,3,0,3
3636,9.0,721.0,1.0,1.0,2,3,0,3
3107,9.0,690.0,1.0,1.0,2,3,0,3
2800,7.0,780.0,1.0,1.0,1,0,0,0
3404,9.0,855.0,1.0,1.0,2,3,0,3
2399,9.0,559.0,1.0,1.0,2,0,0,3
3250,8.0,650.0,1.0,1.0,2,3,0,0
1948,8.0,500.0,0.0,1.0,2,3,0,0
1948,9.0,500.0,0.0,1.0,2,3,0,0
2600,9.0,800.0,1.0,1.0,2,3,0,3
2600,9.0,650.0,1.0,1.0,0,3,0,0
3000,8.0,900.0,1.0,1.0,1,1,0,0
3300,9.0,757.0,1.0,1.0,2,0,0,3
2500,4.0,600.0,1.0,1.0,1,0,0,2
2700,7.0,625.0,1.0,1.0,0,0,0,3
3200,9.0,916.0,1.0,1.0,2,0,0,3
3200,9.0,916.0,1.0,1.0,2,2,0,3
2404,5.0,615.0,1.0,1.0,1,3,0,1
2660,5.0,615.0,1.0,1.0,1,3,0,1
2835,8.0,600.0,1.0,1.0,1,0,0,0
2586,9.0,662.0,1.0,1.0,2,3,0,0
1820,9.0,516.0,0.0,1.0,2,3,0,0
2100,9.0,660.0,0.0,1.0,1,0,0,0
3500,9.0,768.0,1.0,1.0,2,2,0,3
3884,9.0,943.0,2.0,2.0,2,3,0,0
3750,9.0,1375.0,2.0,2.0,1,0,0,3
3750,9.0,1375.0,2.0,2.0,1,0,0,3
4390,9.0,1070.0,2.0,2.0,2,0,0,3
4390,9.0,1070.0,2.0,2.0,2,0,0,3
3000,5.0,750.0,1.0,1.0,1,0,0,0
3188,9.0,737.0,1.0,1.0,2,0,0,3
4499,2.0,1200.0,2.0,2.0,2,0,3,3
4800,7.0,1105.0,2.0,2.0,2,0,0,3
3395,9.0,1162.0,2.0,2.0,2,3,0,1
2700,9.0,650.0,1.0,1.0,2,0,0,3
2339,9.0,512.0,1.0,1.0,2,3,0,3
2200,8.0,500.0,1.0,1.0,1,0,0,0
2200,8.0,500.0,1.0,1.0,1,0,0,3
2095,9.0,600.0,1.0,1.0,1,0,0,2
1850,8.0,425.0,1.0,1.0,0,1,0,0
1850,8.0,425.0,1.0,1.0,0,1,0,0
2595,9.0,675.0,1.0,1.0,1,0,0,2
2600,9.0,750.0,1.0,1.0,1,0,0,0
2450,6.0,650.0,1.0,1.0,1,1,0,3
2350,8.0,600.0,1.0,1.0,1,1,0,3
2950,9.0,700.0,1.0,1.0,1,3,0,3
3000,7.0,950.0,1.0,1.0,1,0,0,3
2589,10.0,1219.0,1.0,1.0,2,3,0,3
2702,9.0,1101.0,1.0,2.0,1,3,0,0
4500,9.0,1200.0,2.0,2.0,2,0,0,3
3200,9.0,800.0,2.0,1.0,2,1,0,0
2300,2.0,700.0,2.0,1.0,1,0,1,0
3490,5.0,500.0,2.0,1.0,2,3,0,0
3590,7.0,885.0,2.0,2.0,1,0,0,3
3588,9.0,995.0,2.0,2.0,2,3,0,3
3663,9.0,1043.0,2.0,2.0,2,3,0,3
3400,9.0,1100.0,2.0,1.0,1,0,0,3
4578,9.0,986.0,2.0,2.0,2,3,0,3
3312,9.0,922.0,2.0,2.0,2,3,0,3
3400,6.0,750.0,2.0,1.0,1,0,0,0
2650,8.0,700.0,2.0,1.0,1,0,0,0
3800,7.0,1400.0,2.0,2.0,1,2,0,0
2685,10.0,970.0,2.0,2.0,2,0,0,3
4999,7.0,1598.0,2.0,1.0,1,0,0,3
3700,2.0,900.0,2.0,1.0,2,0,3,3
2795,8.0,743.0,2.0,2.0,2,3,0,0
3200,8.0,800.0,2.0,1.0,1,0,0,0
3000,8.0,800.0,2.0,1.0,1,0,0,0
3250,5.0,900.0,2.0,1.0,0,0,0,3
2800,8.0,675.0,2.0,1.0,0,0,0,0
2700,8.0,675.0,2.0,1.0,0,0,0,0
3795,9.0,1200.0,2.0,2.0,2,3,0,0
3950,9.0,1450.0,3.0,1.0,2,3,0,0
1691,9.0,232.0,0.0,1.0,1,0,0,3
1660,9.0,232.0,0.0,1.0,1,0,0,3
1690,9.0,233.0,0.0,1.0,1,0,0,3
1679,9.0,241.0,0.0,1.0,1,0,0,3
3000,7.0,810.0,1.0,1.0,2,3,0,3
3999,5.0,1000.0,2.0,1.0,2,0,0,0
3600,5.0,800.0,2.0,2.0,1,3,0,0
3700,9.0,930.0,2.0,2.0,2,2,0,3
2500,10.0,900.0,2.0,1.0,1,0,1,0
2765,10.0,902.0,2.0,1.5,0,0,0,0
2850,8.0,900.0,2.0,1.0,0,0,0,0
2999,1.0,775.0,2.0,1.0,1,0,0,3
3900,9.0,950.0,2.0,2.0,1,3,0,3
6995,8.0,1473.0,2.0,2.5,2,0,0,0
3900,9.0,1254.0,2.0,1.5,2,3,0,3
4500,8.0,1450.0,2.0,2.0,2,3,0,3
5595,9.0,1150.0,2.0,2.0,2,0,0,3
3000,2.0,860.0,2.0,1.0,0,0,0,0
3895,8.0,1000.0,2.0,1.0,1,0,0,1
3999,9.0,1500.0,2.0,2.0,2,0,0,3
4500,7.0,975.0,2.0,2.0,2,0,0,3
3150,9.0,900.0,2.0,1.0,1,3,0,0
3800,8.0,1200.0,2.0,1.0,1,0,0,3
3100,4.0,750.0,2.0,1.0,1,1,0,3
3795,5.0,1050.0,2.0,1.0,1,0,0,3
2800,9.0,875.0,2.0,1.0,1,0,0,3
3100,2.0,1000.0,2.0,1.0,0,0,0,2
3300,7.0,1000.0,2.0,1.0,1,0,0,3
2765,10.0,902.0,2.0,1.5,0,0,0,0
3250,2.0,1000.0,2.0,1.0,1,0,0,0
3349,1.0,1400.0,3.0,1.0,1,0,0,0
4750,5.0,1421.0,3.0,1.5,0,3,0,0
7195,5.0,1651.0,3.0,2.0,2,3,0,3
4637,6.0,1108.0,3.0,2.0,0,3,0,3
2999,10.0,2000.0,3.0,2.0,1,0,3,0
3699,8.0,1100.0,3.0,1.0,0,3,0,0
4950,8.0,1000.0,3.0,1.5,0,0,0,0
3200,10.0,950.0,3.0,1.5,2,0,3,0
3800,7.0,1500.0,3.0,2.0,1,0,0,0
3900,8.0,1200.0,3.0,1.0,1,0,0,0
5100,4.0,1500.0,3.0,2.5,2,0,3,3
7654,8.0,1525.0,3.0,2.5,2,2,0,3
3698,9.0,900.0,3.0,1.0,1,3,0,0
4995,5.0,1500.0,3.0,2.0,2,3,0,1
3595,8.0,1100.0,3.0,1.0,1,0,0,0
2599,9.0,665.0,1.0,1.0,2,0,0,1
2900,1.0,950.0,1.0,1.0,1,0,0,0
4149,2.0,1200.0,3.0,1.5,1,0,0,3
3300,2.0,800.0,3.0,3.0,0,0,0,0
2900,3.0,1000.0,3.0,1.0,1,0,3,0
3200,8.0,800.0,3.0,2.0,2,0,0,0
3700,6.0,1600.0,3.0,2.0,1,0,0,0
4000,5.0,1500.0,3.0,2.0,2,1,0,0
4800,7.0,1500.0,3.0,2.5,1,0,0,0
4695,1.0,1650.0,3.0,3.0,1,0,0,3
2995,9.0,732.0,1.0,1.0,2,0,0,3
2950,9.0,1162.0,1.0,2.0,2,0,0,3
3850,9.0,966.0,2.0,2.0,2,0,0,3
5695,5.0,1429.0,3.0,1.5,2,3,0,3
5000,5.0,1240.0,3.0,2.0,1,0,0,3
9300,7.0,2200.0,4.0,2.5,2,0,0,3
6000,7.0,1500.0,4.0,2.0,1,0,0,0
5600,5.0,1800.0,4.0,1.0,2,0,0,3
5500,5.0,1800.0,4.0,2.0,2,0,0,0
3150,8.0,1000.0,1.0,1.0,0,1,0,0
3150,8.0,1000.0,1.0,1.0,0,1,0,0
4700,9.0,1750.0,2.0,2.0,2,0,0,3
7999,4.0,2379.0,4.0,4.0,2,3,3,3
4800,9.0,1700.0,4.0,2.5,2,0,0,3
4400,7.0,1400.0,4.0,2.5,2,3,0,1
3600,5.0,1000.0,4.0,2.0,1,0,0,0
3950,9.0,1432.0,3.0,1.0,0,3,0,0
5555,5.0,1555.0,5.0,1.5,0,3,0,0
7950,6.0,1800.0,5.0,2.0,0,0,0,0
10000,7.0,2000.0,6.0,2.0,2,0,2,1
1575,8.0,310.0,0.0,1.0,1,3,0,0
2225,8.0,428.0,1.0,1.0,1,3,0,0
2915,5.0,543.0,1.0,1.0,2,3,0,3
2445,8.0,400.0,2.0,1.0,1,3,0,0
2195,8.0,404.0,1.0,1.0,1,3,0,0
3250,8.0,1036.0,2.0,1.0,1,3,0,0
5000,2.0,2100.0,6.0,3.0,0,0,0,0
2404,10.0,1032.0,1.0,1.0,2,3,0,3
3995,9.0,1090.0,2.0,2.0,2,0,0,2
3807,10.0,1592.0,2.0,2.0,2,3,0,0
3000,9.0,631.0,1.0,1.0,2,0,0,3
2917,9.0,721.0,1.0,1.0,2,0,0,3
2574,9.0,736.0,1.0,1.0,2,3,0,3
4242,9.0,981.0,2.0,2.0,2,3,0,3
2288,9.0,433.0,0.0,1.0,2,3,0,3
2500,9.0,800.0,1.0,1.5,2,0,0,0
3195,9.0,750.0,1.0,1.0,2,0,0,3
2337,9.0,800.0,1.0,1.0,1,1,0,3
2418,9.0,431.0,0.0,1.0,2,0,0,1
3980,9.0,1000.0,4.0,1.5,2,3,0,3
5200,7.0,1800.0,5.0,2.0,2,0,0,0
4595,6.0,1400.0,4.0,1.5,2,0,0,0
2500,2.0,950.0,1.0,1.0,2,0,0,0
2292,8.0,515.0,1.0,1.0,2,3,0,0
3363,9.0,1090.0,2.0,2.0,2,3,0,0
2643,8.0,769.0,1.0,1.0,2,3,0,3
3500,8.0,1250.0,1.0,1.0,2,3,0,3
4495,9.0,1494.0,2.0,2.5,2,3,0,3
5650,6.0,936.0,4.0,2.0,0,0,0,0
4595,8.0,1200.0,3.0,1.0,1,0,0,0
2800,7.0,800.0,1.0,1.0,1,1,0,0
3600,2.0,1280.0,3.0,2.0,1,0,0,0
3099,9.0,921.0,2.0,2.0,2,3,0,3
3395,5.0,850.0,2.0,1.0,1,0,0,0
2695,1.0,780.0,1.0,1.0,1,1,0,0
5795,9.0,1620.0,4.0,3.0,2,3,0,3
2966,9.0,800.0,2.0,1.0,2,0,0,0
1218,9.0,200.0,0.0,1.0,1,0,0,0
5200,7.0,1000.0,3.0,1.0,2,0,2,1
3495,9.0,800.0,2.0,1.0,1,3,0,3
3500,8.0,850.0,2.0,1.0,2,0,0,0
3475,9.0,925.0,1.0,1.0,1,3,0,3
4395,6.0,1035.0,2.0,2.0,2,3,0,0
3850,9.0,1050.0,2.0,1.5,2,0,0,3
4595,5.0,1500.0,3.0,1.0,2,0,0,3
4750,9.0,1414.0,3.0,2.0,1,0,0,3
19000,9.0,2358.0,3.0,3.5,2,0,0,3
3650,1.0,750.0,3.0,2.0,1,0,0,0
2875,2.0,633.0,1.0,1.0,1,3,0,2
2427,10.0,1133.0,1.0,1.0,2,3,0,0
2695,8.0,1000.0,2.0,2.0,0,0,0,0
2695,5.0,1000.0,2.0,2.0,0,0,0,0
3412,8.0,916.0,2.0,2.0,2,3,0,0
2850,8.0,750.0,2.0,1.0,1,0,0,0
3099,6.0,875.0,2.0,2.0,1,0,0,3
4050,9.0,1200.0,3.0,1.5,2,1,0,0
2200,7.0,500.0,1.0,1.0,1,3,0,0
2595,1.0,650.0,1.0,1.0,1,1,0,3
3295,8.0,933.0,2.0,1.0,1,3,0,3
3295,8.0,833.0,2.0,1.0,1,3,0,3
3300,8.0,950.0,3.0,1.5,1,0,0,0
3500,9.0,909.0,1.0,1.0,2,0,0,0
3459,9.0,882.0,1.0,1.0,2,0,0,3
4950,6.0,1300.0,3.0,1.0,2,3,0,0
2669,8.0,789.0,1.0,1.0,2,3,0,3
2995,7.0,650.0,1.0,1.0,1,0,0,3
3525,6.0,805.0,1.0,1.0,2,3,0,3
4210,8.0,1374.0,2.0,2.0,2,3,0,3
2395,6.0,650.0,1.0,1.0,1,1,0,0
2200,8.0,550.0,1.0,1.0,1,0,0,0
2595,9.0,690.0,1.0,1.0,2,0,0,3
4400,8.0,1200.0,3.0,1.0,1,1,0,0
1900,1.0,650.0,1.0,1.0,1,0,0,0
3400,6.0,680.0,1.0,1.0,1,3,0,3
2450,8.0,450.0,1.0,1.0,1,3,0,0
2195,1.0,750.0,1.0,1.0,0,0,0,0
1800,3.0,450.0,1.0,1.0,0,0,0,1
2990,5.0,587.0,1.0,1.0,2,3,0,3
3980,5.0,800.0,1.0,1.0,1,0,0,1
2950,6.0,1000.0,2.0,1.0,1,0,0,0
3799,8.0,1187.0,2.0,2.0,2,3,0,0
4000,10.0,775.0,3.0,1.0,1,0,3,0
5290,9.0,1420.0,3.0,2.0,2,3,0,3
4800,9.0,1400.0,3.0,2.0,2,1,0,0
3600,1.0,1000.0,3.0,1.5,1,0,0,0
4295,9.0,830.0,1.0,1.0,2,0,0,0
3000,8.0,675.0,1.0,1.0,1,1,0,1
4999,6.0,1400.0,3.0,2.0,0,0,0,0
3700,9.0,1300.0,1.0,2.0,2,0,0,3
2800,9.0,970.0,1.0,1.0,2,0,0,3
3100,7.0,500.0,1.0,1.0,1,0,0,0
1600,8.0,400.0,0.0,1.0,1,0,0,0
1600,8.0,400.0,0.0,1.0,1,0,0,0
5500,7.0,1500.0,3.0,2.0,2,0,0,3
5500,7.0,1500.0,2.0,2.0,2,0,0,3
2246,2.0,476.0,0.0,1.0,2,3,0,2
2053,6.0,5100.0,0.0,1.0,2,3,0,3
3150,9.0,800.0,2.0,1.0,1,0,3,0
4900,9.0,1600.0,2.0,2.0,2,3,0,3
900,9.0,170.0,1.0,1.0,0,0,0,3
3995,5.0,1800.0,4.0,2.0,1,3,0,0
3995,9.0,1800.0,4.0,2.0,1,3,0,0
3995,7.0,850.0,1.0,1.0,1,0,0,0
4500,7.0,1700.0,2.0,2.0,2,3,0,0
2800,5.0,780.0,1.0,1.0,1,0,0,3
2800,5.0,790.0,1.0,1.0,1,0,0,0
5300,2.0,1600.0,4.0,2.0,1,0,3,0
3575,8.0,1000.0,2.0,1.0,1,0,0,0
3575,8.0,1000.0,2.0,1.0,1,0,0,0
2195,9.0,450.0,0.0,1.0,0,0,0,0
7746,5.0,2450.0,4.0,3.5,2,3,0,3
7746,5.0,2450.0,4.0,3.5,2,3,0,3
2295,8.0,573.0,0.0,1.0,1,2,0,0
5400,7.0,1600.0,3.0,2.0,2,0,0,0
2680,9.0,591.0,1.0,1.5,2,3,0,3
3466,5.0,551.0,1.0,1.0,2,3,0,0
2595,6.0,627.0,1.0,1.0,2,1,0,0
4200,2.0,1000.0,2.0,2.0,2,0,0,3
1995,6.0,357.0,0.0,1.0,2,1,0,0
3250,6.0,655.0,1.0,1.0,2,3,0,0
2075,6.0,346.0,0.0,1.0,2,1,0,0
2075,6.0,346.0,0.0,1.0,2,1,0,0
2986,9.0,503.0,1.0,1.0,2,3,0,3
3190,8.0,840.0,2.0,1.0,1,1,0,0
4950,1.0,2000.0,4.0,2.5,2,0,0,3
4495,1.0,1600.0,3.0,2.0,2,0,0,3
2998,9.0,585.0,1.0,1.0,2,3,0,3
2900,7.0,700.0,1.0,1.0,1,0,0,0
1995,6.0,415.0,1.0,1.0,0,1,0,3
4100,5.0,1000.0,2.0,1.0,2,3,0,0
4750,1.0,1500.0,3.0,2.0,1,3,0,2
4536,9.0,914.0,2.0,1.0,2,3,0,3
3775,7.0,1000.0,1.0,1.0,1,0,0,3
5695,9.0,1965.0,4.0,2.0,1,1,0,0
4495,9.0,1400.0,4.0,1.0,2,3,0,0
3295,7.0,850.0,1.0,1.0,1,1,0,3
3000,7.0,950.0,1.0,1.0,1,0,0,1
3295,7.0,800.0,1.0,1.0,1,0,0,3
3150,8.0,920.0,1.0,1.0,1,0,0,3
3550,8.0,1200.0,3.0,1.5,2,0,0,0
3450,8.0,950.0,2.0,2.0,1,0,0,3
2850,2.0,800.0,2.0,1.0,0,0,0,3
2500,5.0,650.0,1.0,1.0,1,0,0,3
3950,8.0,985.0,1.0,1.0,2,0,0,3
4695,10.0,1850.0,4.0,2.5,2,0,3,3
2995,9.0,700.0,1.0,1.0,1,0,0,3
7400,7.0,2208.0,5.0,2.0,2,3,0,0
2795,8.0,950.0,1.0,1.0,1,3,0,0
7995,7.0,3000.0,2.0,2.0,1,3,0,0
2882,8.0,796.0,1.0,1.0,2,3,0,3
3800,2.0,1350.0,3.0,2.0,1,0,0,0
2137,8.0,480.0,2.0,1.0,1,3,0,0
2900,7.0,1000.0,2.0,1.0,1,0,0,0
4000,9.0,1700.0,3.0,2.0,2,0,0,3
2350,1.0,525.0,1.0,1.0,1,0,0,3
3500,2.0,1375.0,2.0,2.0,2,0,3,3
1950,8.0,700.0,0.0,1.0,0,0,0,0
2650,8.0,650.0,1.0,1.0,0,1,0,0
2450,7.0,700.0,1.0,1.0,1,0,0,0
3250,9.0,833.0,2.0,1.0,2,3,0,3
2975,7.0,750.0,2.0,1.0,1,0,0,3
2975,8.0,880.0,2.0,1.0,0,3,0,0
6100,7.0,2000.0,3.0,2.0,1,0,0,0
4800,9.0,2106.0,3.0,2.5,2,3,0,3
3500,8.0,1000.0,2.0,1.0,1,0,0,0
1950,2.0,600.0,1.0,1.0,1,0,1,0
5915,8.0,1783.0,3.0,3.0,2,3,0,0
1699,1.0,525.0,1.0,1.0,0,0,1,0
3995,5.0,1000.0,2.0,2.0,2,1,0,3
3943,10.0,1452.0,3.0,2.5,0,0,0,0
2905,10.0,981.0,2.0,2.0,2,3,0,3
3899,9.0,1102.0,2.0,2.0,2,3,0,0
3000,1.0,800.0,1.0,1.0,0,1,0,1
2800,7.0,950.0,2.0,1.0,1,0,0,0
2992,9.0,837.0,1.0,1.0,2,3,0,3
4991,9.0,912.0,2.0,2.0,0,0,0,0
2750,9.0,627.0,1.0,1.0,2,1,0,0
2850,7.0,800.0,1.0,1.0,1,0,0,0
2100,7.0,550.0,0.0,1.0,0,0,0,0
3595,7.0,1000.0,2.0,1.0,1,0,0,0
2685,8.0,596.0,1.0,1.0,2,3,0,3
1775,2.0,320.0,0.0,1.0,1,0,0,0
1795,8.0,450.0,0.0,1.0,1,3,0,0
1800,8.0,500.0,0.0,1.0,1,0,0,0
3500,9.0,700.0,2.0,2.0,1,3,0,0
1700,9.0,307.0,1.0,1.0,1,0,0,0
2395,5.0,700.0,1.0,1.0,0,0,0,0
2565,9.0,303.0,0.0,1.0,1,0,0,0
5100,8.0,1250.0,3.0,1.0,0,0,0,0
4995,6.0,1236.0,3.0,2.0,2,2,0,3
3150,9.0,800.0,1.0,1.0,1,0,0,3
3050,9.0,720.0,2.0,1.0,2,1,3,0
3000,4.0,744.0,1.0,1.0,1,3,0,2
3995,9.0,933.0,2.0,2.0,2,3,0,0
2700,9.0,900.0,3.0,1.0,0,1,0,0
4500,9.0,1250.0,2.0,2.0,2,0,0,2
2815,6.0,621.0,1.0,1.0,2,3,0,3
3995,9.0,860.0,2.0,1.0,2,3,0,0
2800,6.0,700.0,2.0,1.0,1,0,0,3
2790,8.0,548.0,2.0,1.0,1,0,0,0
2594,7.0,850.0,1.0,1.0,1,1,0,3
2050,1.0,500.0,0.0,1.0,0,0,0,0
1600,6.0,289.0,0.0,1.0,0,0,0,0
5000,5.0,1600.0,3.0,2.0,2,0,0,0
9100,4.0,3200.0,5.0,3.0,2,0,3,0
9000,8.0,2588.0,2.0,2.5,2,0,0,3
3195,5.0,897.0,1.0,1.0,1,1,0,3
2950,9.0,550.0,1.0,1.0,2,0,0,3
2800,8.0,600.0,1.0,1.0,2,3,0,3
4495,5.0,1500.0,3.0,2.0,1,3,0,3
3995,5.0,1400.0,3.0,1.5,0,1,0,0
3400,10.0,1700.0,3.0,2.0,1,0,0,3
4995,8.0,1500.0,4.0,2.0,1,0,0,0
2700,1.0,717.0,1.0,1.0,0,0,0,0
3250,9.0,901.0,1.0,2.0,2,3,0,3
6800,8.0,1350.0,3.0,1.0,1,1,0,0
2500,8.0,350.0,0.0,1.0,0,0,0,0
2950,8.0,760.0,1.0,1.0,2,3,0,3
4800,9.0,1050.0,3.0,3.0,2,3,0,0
3300,9.0,724.0,1.0,1.0,2,3,0,3
2900,5.0,650.0,1.0,1.0,1,3,0,0
3500,9.0,780.0,1.0,1.0,2,3,0,3
3300,6.0,955.0,1.0,1.0,1,3,0,3
4500,8.0,1300.0,2.0,2.0,1,3,0,3
4305,8.0,1365.0,3.0,2.5,2,3,0,0
4495,7.0,1300.0,2.0,2.0,1,1,0,3
3549,9.0,790.0,1.0,1.0,2,3,0,0
4300,10.0,1600.0,3.0,2.0,1,3,0,3
2099,1.0,525.0,0.0,1.0,1,3,0,0
1600,8.0,410.0,0.0,1.0,1,0,0,0
4675,7.0,1110.0,2.0,1.0,2,0,0,3
2517,9.0,370.0,0.0,1.0,1,3,0,0
2900,9.0,558.0,1.0,1.0,2,0,0,0
2995,9.0,609.0,1.0,1.0,1,0,0,3
6999,7.0,1925.0,5.0,2.0,2,1,0,0
3090,9.0,4500.0,0.0,1.0,1,0,0,1
4900,9.0,1303.0,3.0,1.0,2,3,0,0
2880,1.0,750.0,2.0,1.0,2,2,0,0
2995,9.0,670.0,1.0,1.0,2,1,0,0
3590,9.0,6360.0,1.0,1.0,1,3,0,1
4500,8.0,1450.0,2.0,2.0,1,3,0,3
4500,8.0,1450.0,2.0,2.0,1,3,0,3
4890,6.0,9800.0,2.0,2.0,2,3,0,1
3990,9.0,500.0,1.0,1.0,2,3,0,3
2300,10.0,600.0,1.0,1.0,1,0,0,0
3290,8.0,5200.0,0.0,1.0,1,0,0,1
3690,9.0,5880.0,1.0,1.0,2,3,0,0
5590,9.0,9330.0,2.0,2.0,2,3,0,1
2890,9.0,4250.0,0.0,1.0,2,0,0,0
7500,9.0,2500.0,6.0,2.5,2,0,0,0
3190,8.0,7500.0,1.0,1.0,2,3,0,1
4990,7.0,9250.0,2.0,2.0,1,3,0,1
2590,5.0,6000.0,1.0,1.0,2,0,0,1
2690,8.0,4970.0,0.0,1.0,1,0,0,1
3290,9.0,4900.0,0.0,1.0,2,3,0,1
4290,9.0,9330.0,2.0,2.0,2,3,0,1
2890,9.0,4860.0,0.0,1.0,2,3,0,1
3290,9.0,486.0,0.0,1.0,2,3,0,3
3190,8.0,6500.0,1.0,1.0,2,0,0,1
3090,9.0,470.0,0.0,1.0,2,3,0,3
3090,9.0,4700.0,0.0,1.0,2,3,0,1
5290,9.0,1442.0,2.0,2.0,2,3,0,3
5690,9.0,10430.0,2.0,2.0,2,3,0,1
3995,8.0,1072.0,2.0,2.0,1,0,0,3
2490,9.0,4600.0,0.0,1.0,2,3,0,1
2790,9.0,4600.0,0.0,1.0,1,3,0,1
2990,9.0,640.0,1.0,1.0,2,3,0,3
3690,6.0,4500.0,0.0,1.0,2,3,0,1
2790,9.0,588.0,1.0,1.0,2,3,0,3
4590,8.0,1050.0,2.0,1.0,2,3,0,3
4790,9.0,1043.0,2.0,2.0,2,3,0,3
2890,8.0,4800.0,0.0,1.0,1,0,0,1
2490,8.0,4800.0,0.0,1.0,1,0,0,1
5790,9.0,1376.0,2.0,2.0,2,3,0,3
3990,9.0,845.0,1.0,1.0,2,3,0,3
3490,9.0,4500.0,0.0,1.0,1,0,0,0
3290,6.0,5500.0,0.0,1.0,2,3,0,1
2390,6.0,4600.0,0.0,1.0,2,3,0,0
1990,8.0,4160.0,0.0,1.0,1,3,0,0
2890,9.0,486.0,0.0,1.0,2,3,0,3
3990,9.0,7200.0,1.0,1.0,2,3,0,1
5690,9.0,11020.0,2.0,2.0,2,3,0,1
2690,6.0,4600.0,0.0,1.0,2,3,0,0
3690,9.0,11000.0,2.0,2.0,1,0,0,1
2490,9.0,460.0,0.0,1.0,1,3,0,3
4790,7.0,9450.0,2.0,1.0,2,0,0,1
3690,9.0,1044.0,2.0,2.0,2,3,0,3
3990,9.0,736.0,1.0,1.0,2,3,0,3
2450,9.0,530.0,1.0,1.0,2,0,0,3
1300,10.0,250.0,0.0,1.0,0,0,0,0
5200,8.0,1440.0,3.0,2.0,0,0,0,3
1400,10.0,350.0,0.0,1.0,2,0,0,1
1400,10.0,300.0,0.0,1.0,2,0,0,1
1400,10.0,320.0,0.0,1.0,1,0,0,0
4595,8.0,1100.0,3.0,1.0,1,0,0,0
3250,7.0,950.0,2.0,1.0,0,0,0,0
1995,2.0,550.0,1.0,1.0,1,1,0,3
3840,5.0,799.0,2.0,2.0,1,3,0,3
3250,9.0,800.0,2.0,1.0,0,0,0,0
7000,5.0,2012.0,3.0,2.0,2,0,3,3
4800,8.0,1450.0,2.0,2.0,2,3,0,3
5400,5.0,1250.0,3.0,1.5,1,1,0,0
4500,9.0,1500.0,3.0,2.0,2,3,0,3
4750,6.0,1561.0,3.0,1.0,2,0,0,3
3995,5.0,850.0,1.0,1.0,2,0,0,0
3650,9.0,838.0,1.0,1.5,2,0,0,3
2100,5.0,400.0,1.0,1.0,1,1,0,0
4500,7.0,1023.0,1.0,1.0,2,3,0,0
4750,7.0,1038.0,1.0,1.0,2,1,0,0
4295,6.0,940.0,2.0,2.0,2,3,0,0
2617,9.0,650.0,1.0,1.0,2,3,0,0
2600,8.0,800.0,1.0,1.0,2,1,0,0
2950,6.0,600.0,1.0,1.0,1,3,0,0
2800,8.0,700.0,1.0,1.0,2,1,0,0
2795,7.0,450.0,1.0,1.0,1,0,0,0
1995,9.0,450.0,0.0,1.0,1,0,0,0
3495,9.0,1700.0,3.0,1.0,0,0,0,0
2950,5.0,1000.0,2.0,1.0,2,0,0,0
3895,5.0,850.0,3.0,1.0,2,3,0,0
1995,9.0,400.0,0.0,1.0,0,0,0,0
2550,1.0,750.0,1.0,1.0,0,0,0,1
2299,6.0,550.0,0.0,1.0,1,3,0,0
2495,2.0,900.0,1.0,1.0,1,1,0,0
3700,7.0,1050.0,2.0,1.0,1,3,0,3
4399,9.0,1349.0,1.0,1.0,2,0,0,0
4500,9.0,1500.0,4.0,2.0,1,3,0,0
3975,8.0,925.0,1.0,1.0,2,2,0,3
1290,1.0,240.0,1.0,1.0,0,0,0,0
5000,6.0,1250.0,2.0,2.0,2,3,0,3
2040,5.0,840.0,2.0,1.5,2,3,0,0
6950,5.0,1700.0,5.0,2.0,2,0,0,1
1780,8.0,300.0,1.0,1.0,1,1,0,0
4550,7.0,1000.0,2.0,2.0,1,3,0,0
4750,6.0,1235.0,2.0,2.5,2,1,0,3
2595,8.0,1000.0,2.0,1.0,0,0,0,0
3950,10.0,1600.0,3.0,1.5,1,0,3,3
2900,9.0,980.0,2.0,1.0,0,3,0,0
3450,9.0,950.0,2.0,2.0,2,1,0,0
2250,6.0,550.0,0.0,1.0,1,1,0,0
5000,9.0,1770.0,2.0,2.5,2,3,0,3
2349,8.0,620.0,1.0,1.0,2,1,0,0
2066,8.0,549.0,0.0,1.0,2,3,0,0
3200,9.0,1200.0,2.0,2.0,2,3,0,3
3898,7.0,1098.0,1.0,1.0,1,0,0,3
4200,7.0,1400.0,3.0,1.0,2,0,0,0
6500,9.0,1321.0,2.0,2.0,2,2,0,3
4648,9.0,1313.0,2.0,2.0,2,0,0,3
4400,9.0,1167.0,2.0,1.0,0,0,0,0
7200,9.0,1274.0,2.0,2.0,2,0,0,3
3500,9.0,814.0,1.0,1.0,2,0,0,3
1800,8.0,500.0,0.0,1.0,0,0,0,0
4195,5.0,1200.0,2.0,1.5,2,3,0,0
2800,8.0,601.0,1.0,1.0,2,3,0,3
4000,9.0,900.0,2.0,1.0,1,3,0,0
3135,6.0,621.0,1.0,1.0,2,3,0,0
2511,9.0,647.0,1.0,1.0,2,3,0,3
3500,8.0,781.0,1.0,1.0,2,0,0,3
4595,9.0,1182.0,2.0,2.0,2,3,0,3
3900,9.0,1163.0,2.0,2.0,2,3,0,3
2800,1.0,650.0,2.0,1.0,0,0,1,0
2895,5.0,491.0,1.0,1.0,2,3,0,0
3588,9.0,854.0,1.0,1.0,2,0,0,3
3271,9.0,860.0,1.0,2.0,2,3,0,3
1995,9.0,300.0,1.0,1.0,1,3,0,0
2746,9.0,516.0,1.0,1.0,2,3,0,3
2500,5.0,500.0,1.0,1.0,2,0,0,0
2400,7.0,440.0,1.0,1.0,1,1,0,0
1300,2.0,150.0,0.0,1.0,1,0,1,0
4700,9.0,1750.0,2.0,2.0,2,0,0,3
2996,8.0,895.0,2.0,2.0,1,3,0,2
3800,9.0,873.0,1.0,1.0,2,2,0,3
3725,9.0,855.0,1.0,1.0,0,0,0,0
3378,9.0,920.0,1.0,1.0,2,0,0,3
5200,9.0,1191.0,2.0,2.0,2,0,0,3
3395,9.0,1100.0,2.0,2.0,2,3,0,3
2600,5.0,850.0,1.0,1.0,2,0,0,0
2650,4.0,700.0,1.0,1.0,1,0,0,0
3200,7.0,1000.0,1.0,1.0,1,0,0,0
2945,7.0,975.0,1.0,1.0,1,0,0,3
4075,5.0,1010.0,2.0,2.0,2,3,0,0
4500,9.0,1140.0,2.0,2.0,2,0,0,3
3700,8.0,1100.0,2.0,1.0,1,1,0,0
2900,6.0,850.0,2.0,1.0,0,0,0,3
2995,9.0,936.0,2.0,1.0,1,0,0,0
4500,5.0,1100.0,3.0,1.5,2,0,0,0
3900,6.0,1200.0,3.0,2.0,1,0,0,0
5250,8.0,1600.0,3.0,2.0,2,0,0,3
1700,10.0,950.0,1.0,1.0,2,0,0,0
2650,9.0,1050.0,1.0,1.0,0,0,0,0
2000,7.0,700.0,0.0,1.0,1,0,0,3
4495,7.0,1005.0,2.0,1.0,1,3,0,1
2745,9.0,950.0,1.0,2.0,2,3,0,3
5500,9.0,1200.0,1.0,2.0,2,3,0,3
2995,8.0,1200.0,2.0,1.0,0,0,0,0
3775,7.0,1000.0,1.0,1.0,1,0,0,0
3100,7.0,950.0,1.0,1.0,1,0,0,0
1995,9.0,400.0,0.0,1.0,1,0,0,2
3875,9.0,1200.0,3.0,1.0,2,0,0,0
3195,8.0,1200.0,2.0,1.0,0,0,0,0
5566,5.0,1022.0,2.0,2.0,2,3,0,0
4500,7.0,1000.0,1.0,1.5,1,2,0,3
2695,1.0,900.0,1.0,1.0,1,0,0,3
1875,8.0,450.0,0.0,1.0,1,0,0,0
1800,8.0,440.0,0.0,1.0,1,0,0,0
2050,5.0,700.0,1.0,1.0,1,0,0,0
3000,8.0,725.0,1.0,1.5,1,0,0,3
3395,7.0,800.0,1.0,1.0,1,0,0,0
2400,5.0,500.0,0.0,1.0,1,0,0,3
1799,8.0,550.0,0.0,1.0,1,0,0,3
2600,1.0,700.0,1.0,1.0,1,0,0,0
3625,8.0,782.0,1.0,1.0,1,2,0,3
7900,5.0,1400.0,4.0,4.0,2,0,0,0
3295,7.0,1000.0,2.0,2.0,1,0,0,0
1750,8.0,450.0,0.0,1.0,1,0,0,0
7800,7.0,3000.0,2.0,2.0,2,3,0,0
8750,8.0,2490.0,2.0,3.0,2,3,0,3
8750,8.0,2490.0,2.0,3.0,2,3,0,3
3100,9.0,770.0,1.0,1.0,2,0,0,0
6800,5.0,2250.0,4.0,2.0,2,3,3,3
3500,6.0,1047.0,2.0,2.0,2,3,0,3
4150,9.0,844.0,2.0,2.0,2,0,0,3
1900,3.0,350.0,1.0,1.0,1,0,1,0
2595,10.0,1100.0,2.0,1.0,1,0,0,0
3869,9.0,1286.0,2.0,2.0,2,3,0,0
7200,9.0,2100.0,1.0,2.0,0,3,0,0
2906,9.0,748.0,1.0,1.0,2,3,0,0
3480,9.0,1410.0,2.0,2.0,2,0,0,3
2995,8.0,650.0,1.0,1.0,1,1,0,0
12500,9.0,2250.0,2.0,2.5,2,3,0,3
3895,1.0,950.0,2.0,1.0,1,3,0,0
2095,8.0,550.0,2.0,1.0,0,3,0,0
4100,9.0,1240.0,2.0,1.0,1,0,3,1
2600,7.0,500.0,1.0,1.0,1,0,0,0
4500,7.0,1140.0,4.0,2.0,2,3,0,0
1600,8.0,425.0,0.0,1.0,1,0,0,0
2395,8.0,562.0,0.0,1.0,1,0,0,0
5500,9.0,1180.0,2.0,2.0,2,0,0,3
5000,9.0,1180.0,2.0,2.0,2,3,0,3
4500,9.0,1107.0,2.0,2.0,1,0,0,3
3300,9.0,916.0,1.0,1.0,2,0,0,3
4250,9.0,1163.0,2.0,2.0,2,0,0,3
5450,9.0,1240.0,2.0,2.0,2,0,0,3
7800,9.0,1572.0,2.0,2.0,2,0,0,3
5000,9.0,1340.0,2.0,2.0,2,0,0,3
4500,7.0,969.0,2.0,2.0,2,0,0,0
2850,9.0,760.0,1.0,1.0,2,3,0,3
4500,7.0,916.0,2.0,2.0,2,0,0,3
2700,9.0,700.0,1.0,1.0,2,0,0,3
5500,9.0,1403.0,2.0,2.0,2,0,0,3
2400,9.0,665.0,1.0,1.0,2,0,0,0
1980,10.0,572.0,1.0,1.0,2,3,0,3
2075,10.0,675.0,1.0,1.0,2,3,0,3
4000,9.0,1265.0,2.0,2.0,2,0,0,3
4150,9.0,1098.0,1.0,1.5,2,3,0,3
4375,9.0,1479.0,2.0,2.0,2,0,0,3
5100,9.0,1356.0,2.0,2.0,2,0,0,3
2500,8.0,1000.0,1.0,1.0,1,1,0,0
3995,8.0,1900.0,3.0,2.0,2,3,3,0
6000,7.0,2300.0,3.0,2.0,1,0,0,3
5495,7.0,1250.0,2.0,1.0,1,0,0,1
2400,5.0,1050.0,1.0,1.0,2,0,0,0
4700,1.0,1850.0,4.0,2.5,1,0,0,3
2900,9.0,538.0,1.0,1.0,2,3,0,3
4275,9.0,1517.0,2.0,2.0,2,3,0,3
4500,9.0,1600.0,2.0,2.0,2,3,0,3
3600,9.0,630.0,2.0,1.0,2,0,0,3
3000,9.0,980.0,2.0,1.0,1,3,0,0
3095,9.0,750.0,1.0,1.0,1,0,0,3
3650,9.0,1014.0,2.0,1.0,2,1,0,0
3975,9.0,1100.0,2.0,2.5,2,0,0,0
4500,1.0,1850.0,4.0,2.5,1,0,0,3
2300,2.0,600.0,1.0,1.0,1,3,0,3
1965,8.0,595.0,1.0,1.0,2,3,0,0
3655,9.0,1000.0,2.0,2.0,2,3,0,3
3200,6.0,650.0,1.0,1.0,2,3,0,0
5500,6.0,1327.0,3.0,2.0,2,3,0,3
5995,5.0,1400.0,2.0,2.0,2,1,0,3
3260,9.0,1400.0,2.0,1.5,2,0,0,3
4500,3.0,1536.0,3.0,2.0,0,3,3,3
2750,10.0,970.0,2.0,1.0,2,1,0,3
4000,9.0,1800.0,2.0,2.5,2,1,0,3
3750,9.0,1350.0,2.0,1.0,2,0,2,3
2800,1.0,717.0,1.0,1.0,0,0,0,0
1950,2.0,375.0,0.0,1.0,0,0,0,3
1495,8.0,450.0,0.0,1.0,1,0,0,0
3495,7.0,650.0,1.0,1.0,1,3,0,3
4500,5.0,1125.0,2.0,1.0,2,3,3,3
2395,5.0,700.0,1.0,1.0,1,0,0,3
3550,9.0,920.0,2.0,2.0,2,3,0,3
3395,8.0,900.0,1.0,1.0,2,2,0,3
2725,6.0,501.0,1.0,1.0,2,3,0,3
4300,8.0,1000.0,3.0,1.0,2,0,0,0
4500,7.0,900.0,3.0,1.0,2,0,2,1
3650,1.0,750.0,3.0,2.0,1,0,0,0
3400,10.0,1391.0,3.0,2.5,2,0,0,3
1749,8.0,260.0,0.0,1.0,1,0,0,0
2995,1.0,700.0,2.0,1.0,1,0,0,3
3000,7.0,840.0,1.0,1.0,1,0,0,0
2500,1.0,650.0,1.0,1.0,1,0,0,3
5875,6.0,1350.0,4.0,2.0,1,0,0,3
5295,9.0,745.0,2.0,2.0,2,0,0,0
4995,9.0,782.0,2.0,2.0,2,0,0,0
2499,2.0,650.0,2.0,1.0,1,0,1,0
4150,7.0,1100.0,1.0,1.5,0,3,0,0
2395,8.0,506.0,1.0,1.0,1,0,0,0
2650,1.0,825.0,2.0,1.0,1,0,0,0
3450,8.0,1000.0,3.0,1.0,1,1,0,1
2100,8.0,429.0,0.0,1.0,1,0,0,0
2195,5.0,413.0,0.0,1.0,1,0,0,0
1950,8.0,460.0,0.0,1.0,1,1,0,0
3900,8.0,681.0,2.0,2.0,2,0,0,0
1895,8.0,464.0,0.0,1.0,1,0,0,0
1895,8.0,430.0,0.0,1.0,1,0,0,0
2200,8.0,429.0,0.0,1.0,1,0,0,0
4400,5.0,1450.0,3.0,2.0,2,0,0,0
3700,7.0,1000.0,2.0,1.0,2,0,0,0
2995,5.0,765.0,1.0,1.0,0,1,0,3
3900,8.0,1200.0,3.0,1.0,1,0,0,0
4195,8.0,900.0,2.0,2.0,0,0,0,0
3100,8.0,650.0,1.0,1.0,1,0,0,3
4275,5.0,1000.0,2.0,1.0,2,3,0,3
4275,5.0,1000.0,2.0,1.0,2,3,0,3
2700,8.0,660.0,1.0,1.0,2,0,0,0
2950,9.0,850.0,2.0,1.0,1,3,0,3
3500,8.0,650.0,1.0,1.0,1,0,0,3
3500,9.0,837.0,1.0,1.0,2,0,0,3
5600,9.0,1238.0,2.0,2.0,2,0,0,3
3950,9.0,605.0,1.0,1.0,2,0,0,3
2600,2.0,580.0,1.0,1.0,0,1,0,0
3450,1.0,900.0,1.0,1.0,1,3,0,3
2750,2.0,550.0,1.0,1.0,1,0,0,0
2280,8.0,524.0,1.0,1.0,2,3,0,0
2100,2.0,600.0,1.0,1.0,1,0,0,0
2570,5.0,615.0,1.0,1.0,1,3,0,1
2695,7.0,725.0,1.0,1.0,0,0,0,0
2500,2.0,550.0,1.0,1.0,1,2,0,0
2895,1.0,800.0,1.0,1.0,1,3,0,0
2800,9.0,600.0,1.0,1.0,2,0,0,0
3066,9.0,530.0,1.0,1.0,0,0,0,0
3995,7.0,800.0,1.0,1.0,1,3,0,3
3500,7.0,800.0,1.0,1.0,1,0,0,1
4125,9.0,1095.0,2.0,2.0,2,0,0,3
3300,9.0,605.0,1.0,1.0,2,3,0,3
3500,5.0,690.0,1.0,1.0,2,0,0,3
3300,9.0,970.0,1.0,1.0,2,0,0,3
2675,9.0,700.0,1.0,1.0,0,3,0,0
3475,9.0,750.0,1.0,1.0,0,3,0,0
2800,8.0,800.0,1.0,1.0,2,0,0,3
5595,5.0,1800.0,4.0,2.0,1,3,0,0
2050,9.0,350.0,0.0,1.0,0,0,0,3
1995,9.0,350.0,0.0,1.0,0,0,0,3
7900,8.0,1500.0,2.0,2.0,2,0,0,3
3395,7.0,900.0,1.0,1.0,2,0,0,3
5000,7.0,1300.0,2.0,2.0,1,3,0,3
3395,8.0,900.0,1.0,1.0,2,0,0,3
2550,9.0,610.0,1.0,1.0,2,0,0,3
2095,9.0,800.0,1.0,1.0,0,3,0,0
3995,7.0,950.0,2.0,2.0,1,0,0,3
3995,7.0,950.0,2.0,1.0,1,0,0,3
1180,3.0,150.0,1.0,1.0,1,0,3,0
3495,7.0,900.0,1.0,1.0,1,0,0,1
3951,9.0,761.0,2.0,1.0,2,3,0,3
4202,9.0,850.0,2.0,2.0,2,3,0,3
2040,5.0,840.0,2.0,1.5,2,3,0,0
2750,9.0,725.0,1.0,1.0,1,3,0,0
3750,9.0,901.0,2.0,2.0,2,0,0,3
3495,8.0,622.0,1.0,1.0,2,0,0,3
2075,7.0,500.0,0.0,1.0,1,3,0,0
3450,1.0,1100.0,2.0,1.0,1,0,0,0
2995,8.0,621.0,1.0,1.0,1,0,0,3
1500,2.0,550.0,1.0,1.0,2,0,1,0
1795,3.0,300.0,1.0,1.0,1,3,1,0
3200,2.0,500.0,1.0,1.0,1,3,0,3
2390,1.0,800.0,1.0,1.0,0,0,0,0
3370,8.0,800.0,1.0,1.0,1,0,0,3
1895,10.0,500.0,1.0,1.0,2,0,0,0
1675,2.0,350.0,0.0,1.0,1,0,0,0
4990,9.0,1655.0,3.0,2.0,2,0,3,3
4250,5.0,600.0,2.0,2.0,2,0,0,0
2733,9.0,763.0,1.0,1.0,2,3,0,3
3044,9.0,751.0,1.0,1.0,2,3,0,0
2795,8.0,650.0,2.0,1.0,2,0,0,0
1895,8.0,500.0,1.0,1.0,0,3,0,0
3395,8.0,1000.0,2.0,1.0,2,0,0,0
2190,5.0,600.0,1.0,1.0,1,0,0,0
3500,3.0,1400.0,3.0,2.0,2,1,0,3
3200,9.0,1215.0,2.0,2.0,0,3,0,2
3995,3.0,1650.0,3.0,2.0,1,3,0,3
4300,9.0,1300.0,3.0,2.0,2,3,0,0
3595,5.0,916.0,2.0,1.0,0,1,0,0
2550,8.0,660.0,1.0,1.0,2,0,0,0
2800,9.0,655.0,1.0,1.0,2,0,0,0
2850,4.0,800.0,1.0,1.0,2,1,1,0
10500,8.0,2179.0,3.0,3.0,2,0,0,3
7995,4.0,3200.0,4.0,3.0,2,3,3,3
3104,8.0,650.0,1.0,1.0,1,1,0,1
2595,8.0,740.0,1.0,1.0,1,0,0,0
4100,5.0,1050.0,2.0,1.0,1,3,0,3
5200,5.0,1450.0,3.0,2.0,1,3,0,3
6500,7.0,1450.0,4.0,2.0,1,0,0,3
3700,2.0,1100.0,2.0,1.0,0,0,3,3
2995,7.0,700.0,1.0,1.0,1,0,0,3
1850,8.0,500.0,1.0,1.0,1,3,0,3
3195,2.0,900.0,2.0,1.0,1,3,0,0
2195,8.0,500.0,2.0,1.0,1,0,0,0
1595,8.0,400.0,0.0,1.0,1,0,0,0
4500,6.0,1246.0,2.0,2.0,2,0,0,3
5995,5.0,1800.0,3.0,2.0,2,3,0,0
3750,1.0,1500.0,3.0,2.0,2,0,0,0
5195,5.0,1622.0,4.0,1.5,2,3,0,0
6250,7.0,1860.0,3.0,2.0,2,3,0,3
2100,6.0,388.0,0.0,1.0,0,1,0,0
2199,8.0,750.0,1.0,1.0,2,0,0,3
1899,8.0,550.0,0.0,1.0,1,0,0,3
4000,5.0,1000.0,2.0,1.0,2,3,0,0
2199,2.0,575.0,1.0,1.0,1,3,0,0
2750,5.0,700.0,1.0,1.0,0,3,0,1
2600,5.0,860.0,2.0,1.0,1,2,0,1
6050,1.0,2300.0,4.0,3.0,2,3,3,3
2700,1.0,717.0,1.0,1.0,0,0,0,0
2698,1.0,800.0,1.0,1.0,1,0,0,3
2395,1.0,500.0,0.0,1.0,1,0,0,3
3995,7.0,900.0,2.0,2.0,2,3,0,3
3495,7.0,700.0,1.0,1.0,2,3,0,3
3500,9.0,1011.0,2.0,2.0,2,3,0,3
3595,8.0,830.0,2.0,1.0,1,0,0,2
3000,8.0,830.0,4.0,1.0,2,3,0,0
1600,8.0,400.0,0.0,1.0,1,0,0,0
5750,4.0,1960.0,4.0,2.0,1,0,3,3
3895,9.0,1133.0,3.0,2.0,2,3,0,3
4200,8.0,1200.0,1.0,1.0,2,3,0,3
1675,8.0,224.0,0.0,1.0,1,3,0,0
3100,9.0,1072.0,2.0,2.0,2,0,0,2
2760,9.0,449.0,0.0,1.0,0,3,0,0
3600,9.0,1255.0,1.0,1.5,2,0,0,3
3400,9.0,1124.0,1.0,1.5,2,0,0,3
5500,2.0,2900.0,4.0,2.0,0,1,3,3
2900,5.0,600.0,1.0,1.0,1,3,0,0
1674,9.0,656.0,1.0,1.0,1,3,0,0
4350,5.0,1310.0,2.0,1.0,1,0,0,0
1850,7.0,375.0,0.0,1.0,1,0,0,0
2000,6.0,525.0,0.0,1.0,1,0,0,3
5700,9.0,1500.0,3.0,2.0,2,3,0,3
4250,8.0,769.0,1.0,1.0,2,3,0,3
5500,5.0,1760.0,3.0,1.0,2,3,0,0
2445,7.0,600.0,1.0,1.0,0,0,0,0
2600,7.0,850.0,1.0,1.0,0,0,0,0
6895,7.0,1530.0,2.0,2.0,2,2,0,3
2200,8.0,450.0,1.0,1.0,1,0,0,1
2326,7.0,625.0,1.0,1.0,1,3,0,3
1800,8.0,440.0,0.0,1.0,0,0,0,0
1800,8.0,440.0,0.0,1.0,1,0,0,0
4500,9.0,1500.0,2.0,1.0,2,3,3,1
4250,2.0,1600.0,3.0,1.0,2,0,3,3
1890,7.0,550.0,1.0,1.0,0,0,0,0
4066,9.0,768.0,1.0,1.0,2,3,0,3
2956,2.0,644.0,1.0,1.0,2,3,0,2
2999,2.0,750.0,2.0,1.0,1,0,0,0
4400,1.0,1900.0,2.0,2.0,2,0,3,3
3700,8.0,1100.0,3.0,1.0,0,0,0,0
4495,1.0,1200.0,2.0,2.0,2,3,0,0
3650,7.0,1000.0,2.0,2.0,1,0,0,3
4750,6.0,1050.0,3.0,2.0,2,3,0,2
3950,7.0,1230.0,3.0,2.0,0,0,0,0
2450,8.0,523.0,1.0,1.0,2,0,0,3
2695,9.0,800.0,1.0,1.0,1,0,0,1
4068,9.0,1113.0,2.0,2.0,2,3,0,0
3400,2.0,945.0,2.0,2.0,1,0,0,3
3500,2.0,974.0,2.0,2.0,1,0,0,3
2000,8.0,400.0,0.0,1.0,1,0,0,0
2750,9.0,1016.0,1.0,1.5,2,3,0,3
2899,5.0,575.0,0.0,1.0,2,3,0,3
1595,8.0,420.0,0.0,1.0,0,0,0,0
4500,6.0,1500.0,2.0,1.0,1,3,0,3
3500,9.0,1200.0,2.0,1.0,1,0,0,3
1795,1.0,500.0,2.0,1.0,0,0,0,0
4000,9.0,1050.0,2.0,2.0,2,0,0,0
3200,9.0,920.0,1.0,1.5,2,0,0,3
1929,8.0,750.0,1.0,1.0,1,0,0,3
6500,8.0,1805.0,2.0,2.5,2,3,0,3
6500,8.0,1805.0,2.0,2.5,2,3,0,3
5900,5.0,1450.0,3.0,2.0,2,0,0,1
4600,9.0,1250.0,3.0,2.0,2,3,0,0
3000,6.0,845.0,1.0,1.0,1,0,0,3
6995,5.0,2500.0,2.0,2.0,2,0,0,3
2860,3.0,1093.0,2.0,2.0,0,3,0,0
4750,9.0,979.0,3.0,2.0,2,3,0,3
3020,9.0,702.0,1.0,1.0,2,3,0,3
6500,5.0,1800.0,5.0,1.5,2,0,0,0
5595,5.0,1700.0,3.0,2.0,2,2,0,3
9800,9.0,1670.0,2.0,2.5,2,0,0,3
1600,8.0,350.0,0.0,1.0,0,0,0,0
2483,9.0,433.0,0.0,1.0,2,3,0,3
1795,8.0,450.0,0.0,1.0,1,3,0,0
1395,8.0,335.0,0.0,1.0,0,3,0,0
2195,2.0,590.0,0.0,1.0,0,3,0,0
1650,2.0,300.0,0.0,1.0,1,0,1,0
2500,5.0,600.0,0.0,1.0,0,0,0,0
1600,10.0,300.0,0.0,1.0,0,0,3,0
1695,8.0,500.0,0.0,1.0,1,0,0,0
1995,9.0,456.0,0.0,1.0,1,0,0,2
4800,7.0,955.0,2.0,2.0,2,0,0,3
3900,8.0,1532.0,2.0,2.0,2,0,0,3
4500,7.0,1444.0,3.0,2.0,2,0,0,0
5995,1.0,1700.0,3.0,2.0,2,3,0,0
5850,8.0,1300.0,1.0,1.0,2,0,0,3
1600,8.0,400.0,0.0,1.0,1,0,0,0
4488,8.0,977.0,2.0,2.0,2,3,0,3
6990,9.0,1700.0,4.0,2.0,2,0,0,0
3700,6.0,1017.0,2.0,2.0,2,3,0,3
2300,10.0,750.0,2.0,2.0,2,0,0,0
3000,9.0,965.0,1.0,1.5,2,0,0,3
3107,9.0,956.0,1.0,1.0,2,3,0,3
3728,9.0,1015.0,2.0,2.0,2,3,0,0
5950,9.0,2100.0,3.0,2.0,2,0,0,0
4200,5.0,1150.0,3.0,2.0,1,3,0,0
4075,5.0,950.0,2.0,1.0,2,0,0,0
3195,9.0,750.0,1.0,1.0,1,0,0,0
1625,10.0,500.0,0.0,1.0,1,1,0,0
1795,8.0,450.0,0.0,1.0,1,3,0,0
4595,9.0,900.0,2.0,2.0,1,3,0,3
3595,5.0,1075.0,2.0,1.0,1,1,0,0
2950,9.0,850.0,1.0,2.0,2,0,0,3
2799,8.0,1000.0,2.0,2.0,1,0,0,3
2800,9.0,950.0,1.0,1.0,2,0,0,3
4145,8.0,996.0,2.0,2.0,2,3,0,3
4495,2.0,1400.0,3.0,2.0,1,3,0,1
4595,9.0,1220.0,2.0,2.0,2,0,0,3
2995,9.0,784.0,1.0,1.0,2,0,0,3
2300,5.0,600.0,1.0,1.0,0,1,0,3
2395,5.0,600.0,1.0,1.0,0,1,0,3
3250,7.0,900.0,1.0,1.0,1,0,0,3
2495,8.0,483.0,2.0,1.0,1,2,0,0
3995,8.0,1100.0,1.0,1.0,1,3,0,3
2495,3.0,573.0,1.0,1.0,0,1,0,0
3395,9.0,1231.0,2.0,2.0,2,2,0,3
2750,9.0,1000.0,2.0,2.0,2,2,0,3
2786,9.0,425.0,1.0,1.0,0,0,0,0
2750,7.0,700.0,0.0,1.0,1,0,0,3
3416,9.0,885.0,2.0,2.0,2,3,0,3
4600,6.0,1750.0,3.0,2.5,0,0,0,3
3550,9.0,900.0,1.0,1.0,2,3,0,0
2850,5.0,690.0,1.0,1.0,1,1,0,0
3850,9.0,1500.0,3.0,1.5,2,3,0,0
3695,8.0,911.0,2.0,2.0,2,3,0,3
3575,8.0,1000.0,2.0,1.0,1,0,0,0
2595,2.0,1000.0,1.0,1.0,0,0,0,3
6300,6.0,1886.0,5.0,2.0,2,3,0,0
2950,3.0,980.0,2.0,2.0,2,3,0,0
2895,7.0,800.0,1.0,1.0,0,1,0,0
3995,3.0,1000.0,3.0,1.0,0,3,0,0
4876,9.0,1285.0,2.0,2.0,2,3,0,3
3200,8.0,770.0,1.0,1.0,2,0,0,3
3450,7.0,1100.0,2.0,1.0,1,0,0,0
12000,9.0,3300.0,4.0,4.0,2,3,0,3
3896,9.0,728.0,2.0,1.0,0,0,0,0
5600,8.0,1800.0,2.0,2.0,2,1,0,3
4195,7.0,1120.0,2.0,2.0,2,3,0,3
3700,9.0,1201.0,2.0,2.0,2,0,0,3
2295,6.0,600.0,1.0,1.0,1,0,0,0
3400,8.0,668.0,1.0,1.0,2,3,0,0
4350,8.0,950.0,2.0,1.0,2,0,0,3
6500,8.0,1583.0,3.0,2.5,2,3,0,3
1700,8.0,425.0,0.0,1.0,0,0,0,0
3799,9.0,861.0,1.0,1.0,2,3,0,3
3198,7.0,925.0,2.0,2.0,1,3,0,3
2906,9.0,748.0,1.0,1.0,2,3,0,0
2801,9.0,627.0,1.0,1.0,2,3,0,0
1500,8.0,390.0,0.0,1.0,1,3,0,0
2800,9.0,653.0,1.0,1.0,2,0,0,3
2335,9.0,700.0,1.0,1.0,2,3,0,3
3395,8.0,684.0,1.0,1.0,2,0,0,3
2595,9.0,900.0,2.0,1.0,1,0,0,0
3995,9.0,1190.0,2.0,2.0,2,0,0,3
4495,9.0,1200.0,2.0,2.0,2,0,0,3
2950,9.0,800.0,2.0,2.0,0,1,0,2
7200,7.0,2300.0,5.0,2.5,2,0,0,0
5150,8.0,1500.0,2.0,2.0,1,0,0,3
3200,1.0,1200.0,2.0,1.0,1,0,0,3
2995,7.0,1100.0,2.0,1.0,0,0,0,0
5995,9.0,1590.0,4.0,2.0,1,3,0,0
1250,2.0,200.0,1.0,1.0,1,0,0,0
2420,3.0,729.0,1.0,1.0,0,1,2,0
22500,9.0,4509.0,3.0,4.0,2,0,0,3
3250,8.0,1000.0,2.0,1.0,1,0,0,0
3734,9.0,1064.0,2.0,2.0,2,3,0,3
2770,9.0,690.0,1.0,1.0,2,3,0,3
2095,9.0,750.0,0.0,1.0,2,0,0,0
4900,7.0,1700.0,5.0,2.0,2,0,0,0
2795,7.0,650.0,1.0,1.0,1,0,0,3
2550,7.0,750.0,1.0,1.0,1,0,0,3
3490,8.0,750.0,2.0,1.0,2,3,0,3
2549,8.0,875.0,1.0,1.0,2,3,0,0
2495,8.0,595.0,1.0,1.0,2,3,0,0
2490,3.0,691.0,1.0,1.0,0,1,2,0
2499,6.0,679.0,1.0,1.0,1,3,0,0
6495,7.0,1645.0,3.0,2.5,2,3,0,0
4500,9.0,1350.0,2.0,2.0,2,0,0,3
3000,6.0,765.0,1.0,1.0,0,0,0,0
4265,9.0,1365.0,3.0,2.5,2,3,0,0
2195,9.0,500.0,1.0,1.0,0,0,0,0
3000,5.0,650.0,1.0,1.0,1,3,0,0
3549,9.0,790.0,1.0,1.0,2,3,0,0
3595,9.0,869.0,1.0,1.0,2,3,0,3
5250,6.0,1800.0,4.0,1.0,2,3,0,0
2100,5.0,500.0,0.0,1.0,1,3,0,0
1699,6.0,550.0,1.0,1.0,0,3,0,0
4700,9.0,1750.0,2.0,2.0,2,0,0,3
4700,9.0,1750.0,2.0,2.0,2,0,0,3
2000,4.0,500.0,0.0,1.0,1,0,0,1
2700,1.0,600.0,1.0,1.0,1,1,0,3
4099,5.0,1300.0,3.0,1.0,0,3,0,0
3595,9.0,1200.0,2.0,1.0,1,1,0,0
4695,7.0,1700.0,3.0,2.0,2,0,0,0
1950,3.0,450.0,1.0,1.0,0,0,1,1
3600,8.0,1100.0,3.0,1.0,2,0,0,0
3625,8.0,1032.0,2.0,2.0,2,0,0,3
